NR,t_Mach,t_H_left,t_Headst,t_H_righ,t_H_up,t_H_low,t_Liq_co,t_Senso1,t_Senso2,PLC_Byte,PLC_Byt2,PLC_VAL,DataTime
1,+20.3,+22.2,+20.9,+22.4,+21.6,+22,+20.4,+0,+0,%00000000,%00000000,+0,10:46:01 25.11.2017
2,+15.2,+15.2,+15,+15.3,+15.1,+15.2,+23.1,+0,+0,%00000000,%00000000,+0,09:05:01 27.11.2017
3,+17.8,+15.9,+16.3,+16.2,+16.7,+16.1,+20,+0,+0,%00000000,%00000000,+0,11:45:01 27.11.2017
4,+20.6,+17.4,+18.1,+17.6,+18.8,+17.7,+22.8,+0,+0,%00000000,%00000000,+0,14:21:01 27.11.2017
5,+21.2,+18.1,+18.8,+18.3,+19.8,+18.6,+23.9,+0,+0,%00000000,%00000000,+0,15:36:01 27.11.2017
6,+21.4,+18.5,+19.1,+18.7,+20.2,+19.1,+22,+0,+0,%00000000,%00000000,+0,16:36:01 27.11.2017
7,+21.2,+21.2,+19.4,+20.1,+20.2,+20.6,+23.7,+0,+0,%00000000,%00000000,+0,17:36:01 27.11.2017
8,+18.5,+18.2,+18.6,+18.5,+18.6,+18.4,+18.4,+0,+0,%00000000,%00000000,+0,08:17:01 28.11.2017
9,+18.8,+18.6,+18.7,+18.8,+18.8,+18.7,+23.8,+0,+0,%00000000,%00000000,+0,09:17:01 28.11.2017
10,+19.2,+18.7,+18.8,+18.9,+19,+18.8,+23.7,+0,+0,%00000000,%00000000,+0,10:17:01 28.11.2017
11,+19.6,+18.9,+19,+19.1,+19.3,+18.9,+23.6,+0,+0,%00000000,%00000000,+0,11:17:01 28.11.2017
12,+20,+19,+19.2,+19.3,+19.7,+19.2,+22.1,+0,+0,%00000000,%00000000,+0,12:19:01 28.11.2017
13,+20.3,+19.1,+19.4,+19.4,+19.9,+19.4,+22.6,+0,+0,%00000000,%00000000,+0,13:19:01 28.11.2017
14,+20.7,+19.4,+19.6,+19.6,+20.2,+19.6,+22.5,+0,+0,%00000000,%00000000,+0,14:19:01 28.11.2017
15,+21,+19.5,+19.8,+19.8,+20.4,+19.8,+23.5,+0,+0,%00000000,%00000000,+0,15:19:01 28.11.2017
16,+21.2,+19.9,+20.1,+20.3,+20.7,+20.2,+23.7,+0,+0,%00000000,%00000000,+0,16:19:01 28.11.2017
17,+21.1,+19.9,+20.2,+20.3,+20.8,+20.3,+23.7,+0,+0,%00000000,%00000000,+0,17:19:01 28.11.2017
18,+20.9,+19.9,+20.2,+20.3,+20.8,+20.4,+22.6,+0,+0,%00000000,%00000000,+0,18:19:01 28.11.2017
19,+20.7,+19.8,+20.2,+20.2,+20.7,+20.3,+21.2,+0,+0,%00000000,%00000000,+0,19:19:01 28.11.2017
20,+20.4,+19.7,+20.1,+20.1,+20.6,+20.1,+23,+0,+0,%00000000,%00000000,+0,20:19:01 28.11.2017
21,+19.8,+19.5,+19.9,+19.9,+20.3,+19.9,+22.9,+0,+0,%00000000,%00000000,+0,21:19:01 28.11.2017
22,+19.2,+19.3,+19.6,+19.7,+20,+19.6,+22,+0,+0,%00000000,%00000000,+0,22:19:01 28.11.2017
23,+18.7,+19.1,+19.3,+19.5,+19.7,+19.3,+21.2,+0,+0,%00000000,%00000000,+0,23:19:01 28.11.2017
24,+18.2,+18.8,+19.1,+19.3,+19.3,+18.9,+20.5,+0,+0,%00000000,%00000000,+0,00:19:01 29.11.2017
25,+17.7,+18.6,+18.7,+19,+18.9,+18.6,+19.8,+0,+0,%00000000,%00000000,+0,01:19:01 29.11.2017
26,+17.2,+18.3,+18.4,+18.7,+18.5,+18.3,+19.2,+0,+0,%00000000,%00000000,+0,02:19:01 29.11.2017
27,+16.7,+18,+18.1,+18.4,+18.1,+17.9,+18.6,+0,+0,%00000000,%00000000,+0,03:19:01 29.11.2017
28,+16.5,+17.7,+17.8,+18.2,+17.8,+17.7,+18.1,+0,+0,%00000000,%00000000,+0,04:19:01 29.11.2017
29,+16.8,+17.7,+17.8,+18.1,+17.7,+17.8,+17.7,+0,+0,%00000000,%00000000,+0,05:19:01 29.11.2017
30,+17.2,+17.7,+17.9,+18.1,+17.9,+17.9,+23.9,+0,+0,%00000000,%00000000,+0,06:19:01 29.11.2017
31,+17.6,+18.5,+18.1,+18.5,+18.2,+18.5,+22.7,+0,+0,%00000000,%00000000,+0,07:23:01 29.11.2017
32,+18.1,+18.6,+18.4,+18.7,+18.5,+18.6,+21.5,+0,+0,%00000000,%00000000,+0,08:26:01 29.11.2017
33,+18.7,+18.9,+18.7,+19.2,+18.8,+18.9,+21.5,+0,+0,%00000000,%00000000,+0,09:26:01 29.11.2017
34,+19.1,+18.8,+19,+19.2,+18.9,+18.8,+23,+0,+0,%00000000,%00000000,+0,10:26:01 29.11.2017
35,+19.4,+19,+19.2,+19.3,+19.1,+19,+21.9,+0,+0,%00000000,%00000000,+0,11:26:01 29.11.2017
36,+19.6,+19,+19.2,+19.4,+19.4,+19.1,+23.7,+0,+0,%00000000,%00000000,+0,12:27:01 29.11.2017
37,+19.8,+19.1,+19.3,+19.4,+19.5,+19.2,+21.3,+0,+0,%00000000,%00000000,+0,13:27:01 29.11.2017
38,+20,+19.5,+19.5,+19.8,+19.7,+19.6,+23.9,+0,+0,%00000000,%00000000,+0,14:27:01 29.11.2017
39,+20.2,+19.5,+19.7,+19.9,+19.9,+19.7,+22.9,+0,+0,%00000000,%00000000,+0,15:27:01 29.11.2017
40,+20.4,+19.6,+19.8,+19.9,+20.1,+19.7,+22.1,+0,+0,%00000000,%00000000,+0,16:27:01 29.11.2017
41,+20.3,+19.6,+19.8,+19.9,+20.1,+19.8,+20.7,+0,+0,%00000000,%00000000,+0,17:27:01 29.11.2017
42,+20.1,+19.6,+19.8,+19.9,+20.1,+19.9,+21.1,+0,+0,%00000000,%00000000,+0,18:27:01 29.11.2017
43,+19.9,+19.5,+19.8,+19.9,+20.1,+19.9,+21.2,+0,+0,%00000000,%00000000,+0,19:27:01 29.11.2017
44,+19.6,+19.5,+19.7,+19.8,+20,+19.8,+21,+0,+0,%00000000,%00000000,+0,20:27:01 29.11.2017
45,+19.2,+19.4,+19.6,+19.7,+19.9,+19.6,+20.6,+0,+0,%00000000,%00000000,+0,21:27:01 29.11.2017
46,+18.8,+19.2,+19.4,+19.5,+19.7,+19.4,+20.1,+0,+0,%00000000,%00000000,+0,22:27:01 29.11.2017
47,+18.3,+19,+19.2,+19.3,+19.5,+19.2,+19.7,+0,+0,%00000000,%00000000,+0,23:27:01 29.11.2017
48,+17.9,+18.8,+18.9,+19.1,+19.2,+18.9,+19.2,+0,+0,%00000000,%00000000,+0,00:27:01 30.11.2017
49,+17.6,+18.6,+18.7,+18.9,+18.9,+18.7,+18.7,+0,+0,%00000000,%00000000,+0,01:27:01 30.11.2017
50,+17.3,+18.4,+18.5,+18.7,+18.7,+18.4,+18.3,+0,+0,%00000000,%00000000,+0,02:27:01 30.11.2017
51,+17,+18.2,+18.2,+18.5,+18.4,+18.2,+17.9,+0,+0,%00000000,%00000000,+0,03:27:01 30.11.2017
52,+17,+18,+18.1,+18.3,+18.2,+18.1,+17.6,+0,+0,%00000000,%00000000,+0,04:27:01 30.11.2017
53,+17.5,+18,+18.2,+18.4,+18.2,+18.2,+17.5,+0,+0,%00000000,%00000000,+0,05:27:01 30.11.2017
54,+17.9,+18.1,+18.3,+18.4,+18.3,+18.2,+23.6,+0,+0,%00000000,%00000000,+0,06:27:01 30.11.2017
55,+18.5,+18.3,+18.4,+18.6,+18.6,+18.4,+23.3,+0,+0,%00000000,%00000000,+0,07:33:01 30.11.2017
56,+18.9,+19.2,+18.6,+18.9,+19.2,+19,+23.7,+0,+0,%00000000,%00000000,+0,08:35:01 30.11.2017
57,+19.4,+19.2,+19,+19.3,+19.4,+19.2,+23.4,+0,+0,%00000000,%00000000,+0,09:40:01 30.11.2017
58,+19.7,+20.3,+19.4,+20.4,+19.7,+20.2,+23.5,+0,+0,%00000000,%00000000,+0,10:40:01 30.11.2017
59,+20.1,+20.6,+20,+21.2,+20,+20.5,+21,+0,+0,%00000000,%00000000,+0,11:40:01 30.11.2017
60,+20.4,+20.5,+20.5,+21.1,+20.3,+20.5,+21.3,+0,+0,%00000000,%00000000,+0,12:57:01 30.11.2017
61,+20.3,+20.3,+20.6,+20.9,+20.4,+20.3,+22.4,+0,+0,%00000000,%00000000,+0,13:57:01 30.11.2017
62,+20.7,+20.4,+20.7,+20.8,+20.7,+20.4,+23.9,+0,+0,%00000000,%00000000,+0,15:00:01 30.11.2017
63,+20.9,+21.7,+20.9,+21.4,+21.1,+21.4,+23.1,+0,+0,%00000000,%00000000,+0,16:04:01 30.11.2017
64,+20.9,+22.6,+21.4,+22,+23.3,+22.5,+21.3,+0,+0,%00000000,%00000000,+0,17:04:01 30.11.2017
65,+20.9,+22.6,+22,+23,+24.7,+23.2,+21.4,+0,+0,%00000000,%00000000,+0,18:04:01 30.11.2017
66,+20.8,+22.1,+22.1,+22.5,+25.7,+22.6,+22.4,+0,+0,%00000000,%00000000,+0,19:04:01 30.11.2017
67,+20.7,+21.7,+22,+22.1,+25.4,+22.2,+22.3,+0,+0,%00000000,%00000000,+0,20:04:01 30.11.2017
68,+20.3,+21.3,+21.7,+21.7,+24.6,+21.6,+23.8,+0,+0,%00000000,%00000000,+0,21:04:01 30.11.2017
69,+19.7,+20.9,+21.3,+21.2,+23.7,+21.2,+23.5,+0,+0,%00000000,%00000000,+0,22:04:01 30.11.2017
70,+19.2,+20.5,+20.9,+20.8,+22.9,+20.7,+22.8,+0,+0,%00000000,%00000000,+0,23:04:01 30.11.2017
71,+18.7,+20.1,+20.4,+20.4,+22.1,+20.2,+21.2,+0,+0,%00000000,%00000000,+0,00:04:01 01.12.2017
72,+18.2,+19.7,+20,+19.9,+21.4,+19.7,+20.8,+0,+0,%00000000,%00000000,+0,01:04:01 01.12.2017
73,+17.8,+19.6,+19.6,+19.6,+20.6,+19.5,+21,+0,+0,%00000000,%00000000,+0,02:04:01 01.12.2017
74,+17.4,+18.9,+19.2,+19.2,+20,+18.9,+23.3,+0,+0,%00000000,%00000000,+0,03:04:01 01.12.2017
75,+17,+18.5,+18.8,+18.8,+19.4,+18.5,+23.8,+0,+0,%00000000,%00000000,+0,04:04:01 01.12.2017
76,+17.3,+18.4,+18.6,+18.6,+19.2,+18.4,+23,+0,+0,%00000000,%00000000,+0,05:04:01 01.12.2017
77,+17.6,+18.2,+18.5,+18.5,+18.9,+18.4,+20.9,+0,+0,%00000000,%00000000,+0,06:04:01 01.12.2017
78,+17.8,+19.3,+18.7,+19.1,+19.1,+19.2,+22.4,+0,+0,%00000000,%00000000,+0,07:06:01 01.12.2017
79,+17.9,+20.1,+19.1,+20,+19.4,+19.8,+22.5,+0,+0,%00000000,%00000000,+0,08:06:01 01.12.2017
80,+18.3,+20.7,+19.7,+20.7,+20.3,+20.4,+23.7,+0,+0,%00000000,%00000000,+0,09:06:01 01.12.2017
81,+18.7,+20.1,+20.1,+20.3,+20.7,+20.1,+22.9,+0,+0,%00000000,%00000000,+0,10:09:01 01.12.2017
82,+19,+20,+20.1,+20.2,+20.6,+20,+21.4,+0,+0,%00000000,%00000000,+0,11:10:01 01.12.2017
83,+19.8,+22.5,+20.3,+20.7,+24.9,+22.3,+23.9,+0,+0,%00000000,%00000000,+0,12:10:01 01.12.2017
84,+20.7,+30.5,+24.7,+24.4,+31.6,+27.7,+23.2,+0,+0,%00000000,%00000000,+0,13:10:01 01.12.2017
85,+21.3,+28,+28,+26.4,+29.3,+27.7,+24.6,+0,+0,%00000000,%00000000,+0,14:10:01 01.12.2017
86,+21.8,+25.1,+27.3,+26.1,+26.7,+25.6,+24.6,+0,+0,%00000000,%00000000,+0,15:10:01 01.12.2017
87,+22.1,+24.1,+25.9,+25.3,+25.3,+24.6,+21.7,+0,+0,%00000000,%00000000,+0,16:11:01 01.12.2017
88,+18.4,+20.6,+18.4,+19.2,+18.2,+19.4,+23.1,+0,+0,%00000000,%00000000,+0,10:29:01 02.12.2017
89,+19.2,+20.2,+19.3,+20.4,+19,+19.7,+22.7,+0,+0,%00000000,%00000000,+0,11:38:01 02.12.2017
90,+19.3,+19.8,+19.7,+20.2,+19.2,+19.4,+21.7,+0,+0,%00000000,%00000000,+0,12:38:01 02.12.2017
91,+19,+19.7,+19.7,+20,+19.3,+19.3,+21.1,+0,+0,%00000000,%00000000,+0,13:38:01 02.12.2017
92,+18.8,+19.5,+19.6,+19.8,+19.2,+19.2,+20.6,+0,+0,%00000000,%00000000,+0,14:38:01 02.12.2017
93,+18.4,+19.3,+19.4,+19.6,+19.2,+19,+20.1,+0,+0,%00000000,%00000000,+0,15:38:01 02.12.2017
94,+18,+19.1,+19.2,+19.3,+19,+18.8,+19.6,+0,+0,%00000000,%00000000,+0,16:38:01 02.12.2017
95,+17.6,+18.8,+18.9,+19.1,+18.8,+18.6,+19.1,+0,+0,%00000000,%00000000,+0,17:38:01 02.12.2017
96,+17.1,+18.6,+18.6,+18.8,+18.5,+18.3,+18.6,+0,+0,%00000000,%00000000,+0,18:38:01 02.12.2017
97,+16.7,+18.3,+18.3,+18.5,+18.2,+18,+18.1,+0,+0,%00000000,%00000000,+0,19:38:01 02.12.2017
98,+16.3,+18,+18,+18.2,+17.9,+17.7,+17.6,+0,+0,%00000000,%00000000,+0,20:38:01 02.12.2017
99,+15.9,+17.7,+17.7,+17.9,+17.6,+17.4,+17.2,+0,+0,%00000000,%00000000,+0,21:38:01 02.12.2017
100,+15.5,+17.4,+17.4,+17.6,+17.3,+17.1,+16.7,+0,+0,%00000000,%00000000,+0,22:38:01 02.12.2017
101,+15.1,+17.1,+17.1,+17.2,+17,+16.8,+16.3,+0,+0,%00000000,%00000000,+0,23:38:01 02.12.2017
102,+14.8,+16.8,+16.8,+17,+16.7,+16.5,+15.9,+0,+0,%00000000,%00000000,+0,00:38:01 03.12.2017
103,+14.5,+16.5,+16.5,+16.7,+16.3,+16.2,+15.5,+0,+0,%00000000,%00000000,+0,01:38:01 03.12.2017
104,+14.2,+16.2,+16.1,+16.3,+16,+15.9,+15.1,+0,+0,%00000000,%00000000,+0,02:38:01 03.12.2017
105,+13.8,+15.9,+15.8,+16,+15.7,+15.6,+14.8,+0,+0,%00000000,%00000000,+0,03:38:01 03.12.2017
106,+13.5,+15.6,+15.5,+15.7,+15.4,+15.3,+14.5,+0,+0,%00000000,%00000000,+0,04:38:01 03.12.2017
107,+13.2,+15.3,+15.2,+15.5,+15.1,+15,+14.2,+0,+0,%00000000,%00000000,+0,05:38:01 03.12.2017
108,+13,+15,+15,+15.2,+14.8,+14.7,+13.8,+0,+0,%00000000,%00000000,+0,06:38:01 03.12.2017
109,+12.7,+14.7,+14.7,+14.9,+14.5,+14.5,+13.5,+0,+0,%00000000,%00000000,+0,07:38:01 03.12.2017
110,+12.5,+14.5,+14.4,+14.6,+14.2,+14.2,+13.3,+0,+0,%00000000,%00000000,+0,08:38:01 03.12.2017
111,+12.5,+14.2,+14.2,+14.5,+14,+14.1,+13.1,+0,+0,%00000000,%00000000,+0,09:38:01 03.12.2017
112,+12.7,+14.2,+14.2,+14.4,+13.9,+14,+13,+0,+0,%00000000,%00000000,+0,10:38:01 03.12.2017
113,+13.2,+14.2,+14.2,+14.4,+13.8,+14,+13.1,+0,+0,%00000000,%00000000,+0,11:38:01 03.12.2017
114,+13.8,+14.2,+14.4,+14.5,+13.9,+14.1,+13.2,+0,+0,%00000000,%00000000,+0,12:38:01 03.12.2017
115,+14.5,+14.4,+14.6,+14.6,+14.1,+14.2,+13.3,+0,+0,%00000000,%00000000,+0,13:38:01 03.12.2017
116,+15,+14.5,+14.8,+14.8,+14.3,+14.4,+13.5,+0,+0,%00000000,%00000000,+0,14:38:01 03.12.2017
117,+15.1,+14.7,+14.9,+14.9,+14.5,+14.5,+13.8,+0,+0,%00000000,%00000000,+0,15:38:01 03.12.2017
118,+15,+14.7,+14.8,+14.9,+14.5,+14.6,+14,+0,+0,%00000000,%00000000,+0,16:38:01 03.12.2017
119,+15.4,+14.7,+14.9,+15,+14.7,+14.7,+14.1,+0,+0,%00000000,%00000000,+0,17:38:01 03.12.2017
120,+16.2,+14.9,+15.2,+15.2,+15.2,+15,+14.3,+0,+0,%00000000,%00000000,+0,18:38:01 03.12.2017
121,+16.9,+15.1,+15.5,+15.5,+15.6,+15.3,+14.5,+0,+0,%00000000,%00000000,+0,19:38:01 03.12.2017
122,+17.4,+15.4,+15.7,+15.7,+16,+15.6,+14.7,+0,+0,%00000000,%00000000,+0,20:38:01 03.12.2017
123,+17.7,+15.6,+16,+16,+16.3,+15.8,+14.9,+0,+0,%00000000,%00000000,+0,21:38:01 03.12.2017
124,+17.9,+15.8,+16.2,+16.2,+16.6,+16.1,+15.1,+0,+0,%00000000,%00000000,+0,22:38:01 03.12.2017
125,+18.1,+16,+16.4,+16.4,+16.9,+16.4,+15.3,+0,+0,%00000000,%00000000,+0,23:38:01 03.12.2017
126,+18.2,+16.2,+16.6,+16.6,+17.1,+16.6,+15.5,+0,+0,%00000000,%00000000,+0,00:38:01 04.12.2017
127,+18.3,+16.3,+16.8,+16.7,+17.3,+16.8,+15.7,+0,+0,%00000000,%00000000,+0,01:38:01 04.12.2017
128,+18.4,+16.5,+16.9,+16.9,+17.5,+17,+15.8,+0,+0,%00000000,%00000000,+0,02:38:01 04.12.2017
129,+18.4,+16.6,+17.1,+17,+17.6,+17.1,+15.9,+0,+0,%00000000,%00000000,+0,03:38:01 04.12.2017
130,+18.5,+16.8,+17.2,+17.2,+17.7,+17.3,+16,+0,+0,%00000000,%00000000,+0,04:38:01 04.12.2017
131,+18.5,+16.9,+17.3,+17.3,+17.8,+17.4,+16.1,+0,+0,%00000000,%00000000,+0,05:38:01 04.12.2017
132,+18.5,+17,+17.4,+17.4,+17.9,+17.5,+16.2,+0,+0,%00000000,%00000000,+0,06:38:01 04.12.2017
133,+18.5,+17.1,+17.4,+17.4,+18,+17.6,+22.3,+0,+0,%00000000,%00000000,+0,07:38:01 04.12.2017
134,+18.7,+18.9,+17.6,+17.6,+18.1,+18,+21.4,+0,+0,%00000000,%00000000,+0,08:38:01 04.12.2017
135,+19.2,+17.7,+18,+18.2,+18.5,+18.2,+23.7,+0,+0,%00000000,%00000000,+0,09:38:01 04.12.2017
136,+19.7,+18,+18.5,+18.7,+18.9,+18.3,+23.5,+0,+0,%00000000,%00000000,+0,10:38:01 04.12.2017
137,+20.2,+18.4,+18.9,+18.9,+19.3,+18.7,+23.2,+0,+0,%00000000,%00000000,+0,11:38:01 04.12.2017
138,+20.9,+19.5,+19.3,+19.7,+19.8,+19.5,+23.1,+0,+0,%00000000,%00000000,+0,12:38:01 04.12.2017
139,+21.6,+20.2,+19.9,+20,+20.3,+19.9,+18.4,+0,+0,%00000000,%00000000,+0,13:38:01 04.12.2017
140,+22.1,+21.1,+20.4,+21.1,+20.8,+20.8,+21.5,+0,+0,%00000000,%00000000,+0,14:38:01 04.12.2017
141,+22.4,+21.9,+21,+21.9,+20.9,+21.5,+24.2,+0,+0,%00000000,%00000000,+0,15:38:01 04.12.2017
142,+22.5,+22.4,+21.6,+23.1,+21.2,+22.2,+21.6,+0,+0,%00000000,%00000000,+0,16:38:01 04.12.2017
143,+22,+22.3,+21.8,+22.9,+21.4,+22.2,+24.3,+0,+0,%00000000,%00000000,+0,17:40:01 04.12.2017
144,+21.5,+22.1,+21.9,+22.8,+21.4,+22.1,+21.9,+0,+0,%00000000,%00000000,+0,18:47:01 04.12.2017
145,+21.1,+21.5,+21.8,+22.4,+21.5,+21.7,+22.3,+0,+0,%00000000,%00000000,+0,19:47:01 04.12.2017
146,+20.4,+21.1,+21.5,+21.7,+21.4,+21.3,+21.9,+0,+0,%00000000,%00000000,+0,20:47:01 04.12.2017
147,+19.7,+20.6,+21.1,+21.2,+21.1,+20.8,+22.9,+0,+0,%00000000,%00000000,+0,21:47:01 04.12.2017
148,+18.9,+20.2,+20.6,+20.6,+20.8,+20.4,+21.2,+0,+0,%00000000,%00000000,+0,22:47:01 04.12.2017
149,+18.3,+19.7,+20.1,+20.1,+20.3,+19.9,+22.8,+0,+0,%00000000,%00000000,+0,23:47:01 04.12.2017
150,+18.5,+19.4,+19.8,+19.8,+20.1,+19.7,+21.7,+0,+0,%00000000,%00000000,+0,00:47:01 05.12.2017
151,+18.9,+19.3,+19.7,+19.7,+19.9,+19.7,+21.1,+0,+0,%00000000,%00000000,+0,01:47:01 05.12.2017
152,+19.1,+19.3,+19.6,+19.6,+19.9,+19.6,+21.6,+0,+0,%00000000,%00000000,+0,02:47:01 05.12.2017
153,+19.3,+19.2,+19.5,+19.6,+19.8,+19.6,+22.5,+0,+0,%00000000,%00000000,+0,03:47:01 05.12.2017
154,+19.4,+19.2,+19.5,+19.5,+19.8,+19.5,+23.6,+0,+0,%00000000,%00000000,+0,04:47:01 05.12.2017
155,+19.5,+19.1,+19.4,+19.5,+19.8,+19.5,+23.1,+0,+0,%00000000,%00000000,+0,05:47:01 05.12.2017
156,+19.5,+19,+19.4,+19.4,+19.8,+19.5,+23.4,+0,+0,%00000000,%00000000,+0,06:47:01 05.12.2017
157,+19.5,+19,+19.4,+19.4,+19.8,+19.5,+23,+0,+0,%00000000,%00000000,+0,07:48:01 05.12.2017
158,+19.7,+19.1,+19.4,+19.5,+19.8,+19.5,+23.7,+0,+0,%00000000,%00000000,+0,08:53:01 05.12.2017
159,+19.7,+21.1,+19.7,+20.5,+19.9,+20.6,+24.1,+0,+0,%00000000,%00000000,+0,09:55:01 05.12.2017
160,+20.1,+21.5,+20.4,+21.6,+20.4,+21.3,+23,+0,+0,%00000000,%00000000,+0,10:55:01 05.12.2017
161,+20.6,+21.8,+21,+21.9,+20.9,+21.6,+20.1,+0,+0,%00000000,%00000000,+0,11:55:01 05.12.2017
162,+20.8,+21.6,+21.3,+21.9,+21.1,+21.4,+22,+0,+0,%00000000,%00000000,+0,12:56:01 05.12.2017
163,+21.3,+21.5,+21.6,+21.8,+21.3,+21.4,+22.8,+0,+0,%00000000,%00000000,+0,13:56:01 05.12.2017
164,+21.3,+21.5,+21.7,+21.8,+21.4,+21.5,+22.4,+0,+0,%00000000,%00000000,+0,14:56:01 05.12.2017
165,+20.8,+21.3,+21.5,+21.6,+21.4,+21.3,+23.5,+0,+0,%00000000,%00000000,+0,16:06:01 05.12.2017
166,+23,+20,+20.5,+20.8,+20.9,+22.8,+22.6,+0,+0,%00000000,%00000000,+0,18:47:01 27.03.2019
167,+22.9,+20,+20.5,+20.7,+20.8,+22.7,+22.5,+0,+0,%00000000,%00000000,+0,19:43:01 27.03.2019
168,+22.8,+20.3,+20.8,+20.6,+20.7,+22.7,+22.5,+0,+0,%00000000,%00000000,+0,20:43:01 27.03.2019
169,+22.6,+20.4,+21.2,+20.6,+20.7,+22.8,+22.5,+0,+0,%00000000,%00000000,+0,21:43:01 27.03.2019
170,+22.3,+20.5,+21.8,+20.6,+20.7,+22.8,+22.5,+0,+0,%00000000,%00000000,+0,22:43:01 27.03.2019
171,+22.1,+20.6,+22.1,+20.7,+20.7,+22.9,+22.6,+0,+0,%00000000,%00000000,+0,23:43:01 27.03.2019
172,+21.8,+20.7,+22.4,+20.8,+20.9,+23,+22.7,+0,+0,%00000000,%00000000,+0,00:43:01 28.03.2019
173,+21.6,+20.7,+22.5,+21,+21,+23.1,+22.8,+0,+0,%00000000,%00000000,+0,01:43:01 28.03.2019
174,+21.3,+20.9,+22.6,+21.1,+21.1,+23.2,+22.8,+0,+0,%00000000,%00000000,+0,02:43:01 28.03.2019
175,+21.1,+20.9,+22.7,+21.2,+21.3,+23.3,+22.9,+0,+0,%00000000,%00000000,+0,03:43:01 28.03.2019
176,+20.8,+20.9,+22.7,+21.4,+21.4,+23.3,+23,+0,+0,%00000000,%00000000,+0,04:43:01 28.03.2019
177,+20.6,+20.8,+22.7,+21.4,+21.5,+23.4,+23.1,+0,+0,%00000000,%00000000,+0,05:43:01 28.03.2019
178,+20.5,+20.8,+22.6,+21.5,+21.6,+23.5,+23.1,+0,+0,%00000000,%00000000,+0,06:43:01 28.03.2019
179,+20.5,+20.7,+22.4,+21.5,+21.6,+23.5,+23.2,+0,+0,%00000000,%00000000,+0,07:43:01 28.03.2019
180,+20.6,+20.7,+22.3,+21.5,+21.6,+23.5,+23.2,+0,+0,%00000000,%00000000,+0,08:43:01 28.03.2019
181,+20.7,+20.6,+22,+21.5,+21.6,+23.4,+23.2,+0,+0,%00000000,%00000000,+0,09:43:01 28.03.2019
182,+21.1,+20.5,+21.8,+21.4,+21.5,+23.4,+23.1,+0,+0,%00000000,%00000000,+0,10:43:01 28.03.2019
183,+21.7,+20.4,+21.6,+21.4,+21.5,+23.3,+23.1,+0,+0,%00000000,%00000000,+0,11:43:01 28.03.2019
184,+21.9,+20.3,+21.4,+21.3,+21.4,+23.3,+23,+0,+0,%00000000,%00000000,+0,12:43:01 28.03.2019
185,+22.5,+20.3,+21.2,+21.2,+21.3,+23.2,+23,+0,+0,%00000000,%00000000,+0,14:06:01 28.03.2019
186,+23.3,+20.2,+21.1,+21.1,+21.2,+23.1,+22.9,+0,+0,%00000000,%00000000,+0,15:14:01 28.03.2019
187,+23.6,+20.2,+20.9,+21,+21.1,+23,+22.8,+0,+0,%00000000,%00000000,+0,16:33:01 28.03.2019
188,+23.6,+20.1,+20.8,+20.9,+21,+23,+22.8,+0,+0,%00000000,%00000000,+0,17:37:01 28.03.2019
189,+23.6,+20,+20.7,+20.7,+20.9,+22.8,+22.7,+0,+0,%00000000,%00000000,+0,18:37:01 28.03.2019
190,+23.5,+19.9,+20.5,+20.6,+20.8,+22.7,+22.5,+0,+0,%00000000,%00000000,+0,19:37:01 28.03.2019
191,+23.3,+19.9,+20.6,+20.5,+20.7,+22.6,+22.4,+0,+0,%00000000,%00000000,+0,20:37:01 28.03.2019
192,+23.2,+19.9,+20.6,+20.4,+20.6,+22.5,+22.3,+0,+0,%00000000,%00000000,+0,21:39:01 28.03.2019
193,+23,+19.9,+20.5,+20.3,+20.4,+22.4,+22.3,+0,+0,%00000000,%00000000,+0,22:44:01 28.03.2019
194,+22.7,+19.8,+20.3,+20.2,+20.3,+22.4,+22.2,+0,+0,%00000000,%00000000,+0,23:44:01 28.03.2019
195,+22.5,+19.8,+20.6,+20.1,+20.2,+22.3,+22.1,+0,+0,%00000000,%00000000,+0,00:44:01 29.03.2019
196,+22.2,+19.8,+20.7,+20.1,+20.2,+22.3,+22,+0,+0,%00000000,%00000000,+0,01:44:01 29.03.2019
197,+21.9,+19.9,+20.8,+20,+20.1,+22.2,+22,+0,+0,%00000000,%00000000,+0,02:44:01 29.03.2019
198,+21.7,+19.9,+20.9,+20,+20.1,+22.2,+22,+0,+0,%00000000,%00000000,+0,03:45:01 29.03.2019
199,+21.4,+19.9,+20.9,+20,+20.1,+22.2,+22,+0,+0,%00000000,%00000000,+0,04:50:01 29.03.2019
200,+21.2,+19.9,+20.9,+19.9,+20.1,+22.2,+22,+0,+0,%00000000,%00000000,+0,05:50:01 29.03.2019
201,+21,+19.9,+20.8,+19.9,+20.1,+22.2,+22,+0,+0,%00000000,%00000000,+0,06:50:01 29.03.2019
202,+20.9,+19.8,+20.8,+19.9,+20,+22.2,+21.9,+0,+0,%00000000,%00000000,+0,08:33:01 29.03.2019
203,+21.2,+19.8,+20.8,+19.9,+20,+22.1,+21.9,+0,+0,%00000000,%00000000,+0,09:34:01 29.03.2019
204,+21.6,+19.8,+20.6,+19.8,+20,+22.1,+21.9,+0,+0,%00000000,%00000000,+0,10:39:01 29.03.2019
205,+22.3,+19.8,+20.7,+19.8,+19.9,+22.1,+21.9,+0,+0,%00000000,%00000000,+0,11:43:01 29.03.2019
206,+22.8,+19.8,+20.7,+19.8,+19.9,+22,+21.8,+0,+0,%00000000,%00000000,+0,12:46:01 29.03.2019
207,+23.2,+19.7,+20.5,+19.7,+19.9,+22,+21.8,+0,+0,%00000000,%00000000,+0,13:46:01 29.03.2019
208,+23.8,+19.7,+20.5,+19.7,+19.9,+22,+21.8,+0,+0,%00000000,%00000000,+0,14:46:01 29.03.2019
209,+24.2,+19.7,+20.5,+19.7,+19.8,+22,+21.7,+0,+0,%00000000,%00000000,+0,15:47:01 29.03.2019
210,+24.1,+19.7,+20.5,+19.6,+19.8,+21.9,+21.7,+0,+0,%00000000,%00000000,+0,17:48:01 29.03.2019
211,+24,+19.7,+20.4,+19.6,+19.7,+21.9,+21.7,+0,+0,%00000000,%00000000,+0,18:48:01 29.03.2019
212,+23.8,+19.6,+20.2,+19.5,+19.7,+21.8,+21.6,+0,+0,%00000000,%00000000,+0,19:48:01 29.03.2019
213,+23.7,+19.6,+20.3,+19.5,+19.7,+21.8,+21.6,+0,+0,%00000000,%00000000,+0,20:48:01 29.03.2019
214,+23.5,+19.5,+20.2,+19.4,+19.6,+21.7,+21.5,+0,+0,%00000000,%00000000,+0,21:48:01 29.03.2019
215,+23.2,+19.5,+20.2,+19.4,+19.6,+21.7,+21.5,+0,+0,%00000000,%00000000,+0,22:48:01 29.03.2019
216,+22.9,+19.7,+20.2,+19.4,+19.5,+21.7,+21.4,+0,+0,%00000000,%00000000,+0,23:48:01 29.03.2019
217,+22.5,+19.8,+20.5,+19.4,+19.5,+21.7,+21.4,+0,+0,%00000000,%00000000,+0,00:48:01 30.03.2019
218,+22.2,+19.9,+20.9,+19.4,+19.6,+21.8,+21.5,+0,+0,%00000000,%00000000,+0,01:48:01 30.03.2019
219,+21.9,+20,+21.2,+19.5,+19.6,+21.9,+21.6,+0,+0,%00000000,%00000000,+0,02:48:01 30.03.2019
220,+21.6,+20.1,+21.4,+19.6,+19.7,+22,+21.7,+0,+0,%00000000,%00000000,+0,03:48:01 30.03.2019
221,+21.3,+20.1,+21.5,+19.7,+19.9,+22.2,+21.8,+0,+0,%00000000,%00000000,+0,04:48:01 30.03.2019
222,+21,+20.2,+21.6,+19.9,+19.9,+22.3,+22,+0,+0,%00000000,%00000000,+0,05:48:01 30.03.2019
223,+20.7,+20.2,+21.4,+19.9,+20,+22.4,+22,+0,+0,%00000000,%00000000,+0,06:48:01 30.03.2019
224,+20.5,+20.1,+21.4,+20,+20.1,+22.5,+22.1,+0,+0,%00000000,%00000000,+0,07:48:01 30.03.2019
225,+20.3,+20.1,+21.3,+20,+20.2,+22.5,+22.1,+0,+0,%00000000,%00000000,+0,08:48:01 30.03.2019
226,+20.6,+20,+21.1,+20.1,+20.2,+22.5,+22.2,+0,+0,%00000000,%00000000,+0,09:48:01 30.03.2019
227,+21,+20,+20.9,+20.1,+20.2,+22.4,+22.1,+0,+0,%00000000,%00000000,+0,10:48:01 30.03.2019
228,+21.5,+19.9,+20.8,+20,+20.2,+22.4,+22.1,+0,+0,%00000000,%00000000,+0,11:48:01 30.03.2019
229,+22.1,+19.9,+20.7,+20,+20.1,+22.3,+22.1,+0,+0,%00000000,%00000000,+0,12:48:01 30.03.2019
230,+22.8,+19.9,+20.6,+19.9,+20.1,+22.3,+22,+0,+0,%00000000,%00000000,+0,13:48:01 30.03.2019
231,+23.3,+19.8,+20.5,+19.9,+20,+22.2,+22,+0,+0,%00000000,%00000000,+0,14:48:01 30.03.2019
232,+23.8,+19.8,+20.5,+19.9,+20,+22.2,+22,+0,+0,%00000000,%00000000,+0,15:48:01 30.03.2019
233,+24,+19.7,+20.4,+19.8,+19.9,+22.1,+21.9,+0,+0,%00000000,%00000000,+0,16:48:01 30.03.2019
234,+24.1,+19.7,+20.4,+19.7,+19.9,+22,+21.8,+0,+0,%00000000,%00000000,+0,17:48:01 30.03.2019
235,+24.1,+19.7,+20.4,+19.7,+19.9,+22,+21.8,+0,+0,%00000000,%00000000,+0,18:48:01 30.03.2019
236,+23.8,+19.7,+20.2,+19.6,+19.8,+21.9,+21.7,+0,+0,%00000000,%00000000,+0,19:48:01 30.03.2019
237,+23.6,+19.6,+20.2,+19.6,+19.7,+21.9,+21.7,+0,+0,%00000000,%00000000,+0,20:48:01 30.03.2019
238,+23.4,+19.6,+20.2,+19.5,+19.7,+21.8,+21.6,+0,+0,%00000000,%00000000,+0,21:48:01 30.03.2019
239,+23.1,+20.2,+20.9,+19.6,+19.7,+22,+21.7,+0,+0,%00000000,%00000000,+0,22:48:01 30.03.2019
240,+22.9,+20.1,+20.9,+19.6,+19.8,+22,+21.8,+0,+0,%00000000,%00000000,+0,23:48:01 30.03.2019
241,+22.6,+20,+20.9,+19.7,+19.8,+22.1,+21.9,+0,+0,%00000000,%00000000,+0,00:48:01 31.03.2019
242,+22.3,+20,+20.2,+19.8,+19.9,+22.1,+21.9,+0,+0,%00000000,%00000000,+0,01:48:01 31.03.2019
243,+22,+20.1,+20.7,+19.8,+19.9,+22.2,+21.9,+0,+0,%00000000,%00000000,+0,03:48:01 31.03.2019
244,+21.6,+20.2,+21,+19.9,+20,+22.3,+22,+0,+0,%00000000,%00000000,+0,04:48:01 31.03.2019
245,+21.3,+20.4,+21.4,+20.2,+20.3,+22.2,+22,+0,+0,%00000000,%00000000,+0,05:48:01 31.03.2019
246,+21,+19.6,+19.9,+19.4,+19.6,+20.1,+20.1,+0,+0,%00000000,%00000000,+0,06:48:01 31.03.2019
247,+20.7,+20,+20.5,+19.6,+19.7,+20.4,+20.4,+0,+0,%00000000,%00000000,+0,07:48:01 31.03.2019
248,+20.5,+20.1,+20.4,+19.7,+19.8,+20.7,+20.7,+0,+0,%00000000,%00000000,+0,08:48:01 31.03.2019
249,+20.4,+20.4,+21.1,+19.9,+20,+21.2,+21,+0,+0,%00000000,%00000000,+0,09:48:01 31.03.2019
250,+20.7,+20.6,+21.3,+20.2,+20.2,+21.6,+21.3,+0,+0,%00000000,%00000000,+0,10:48:01 31.03.2019
251,+21,+20.8,+21.5,+20.4,+20.5,+22,+21.6,+0,+0,%00000000,%00000000,+0,11:48:01 31.03.2019
252,+21.6,+20.9,+21.7,+20.7,+20.7,+22.3,+21.8,+0,+0,%00000000,%00000000,+0,12:48:01 31.03.2019
253,+22.3,+20.8,+21.5,+20.9,+20.9,+22.6,+22.1,+0,+0,%00000000,%00000000,+0,13:48:01 31.03.2019
254,+22.9,+20.7,+21.4,+20.9,+21,+22.8,+22.3,+0,+0,%00000000,%00000000,+0,14:48:01 31.03.2019
255,+23.5,+20.5,+21.2,+21,+21.1,+22.8,+22.4,+0,+0,%00000000,%00000000,+0,15:48:01 31.03.2019
256,+24,+20.4,+21.1,+21,+21.1,+22.8,+22.5,+0,+0,%00000000,%00000000,+0,16:48:01 31.03.2019
257,+24.3,+20.3,+21,+21,+21.1,+22.8,+22.5,+0,+0,%00000000,%00000000,+0,17:48:01 31.03.2019
258,+24.4,+20.2,+20.8,+20.9,+21.1,+22.8,+22.6,+0,+0,%00000000,%00000000,+0,18:48:01 31.03.2019
259,+24.4,+20.1,+20.5,+20.9,+21,+22.8,+22.6,+0,+0,%00000000,%00000000,+0,19:48:01 31.03.2019
260,+24.2,+20,+20.4,+20.8,+21,+22.7,+22.5,+0,+0,%00000000,%00000000,+0,20:48:01 31.03.2019
261,+24,+19.9,+20.2,+20.7,+20.9,+22.6,+22.5,+0,+0,%00000000,%00000000,+0,21:48:01 31.03.2019
262,+23.8,+19.8,+20.1,+20.5,+20.8,+22.5,+22.4,+0,+0,%00000000,%00000000,+0,22:48:01 31.03.2019
263,+23.5,+19.7,+20,+20.4,+20.7,+22.3,+22.3,+0,+0,%00000000,%00000000,+0,23:48:01 31.03.2019
264,+23.2,+19.6,+19.8,+20.2,+20.5,+22.2,+22.2,+0,+0,%00000000,%00000000,+0,00:48:01 01.04.2019
265,+22.9,+19.5,+19.7,+20.1,+20.4,+22.1,+22,+0,+0,%00000000,%00000000,+0,01:48:01 01.04.2019
266,+22.6,+19.4,+19.5,+19.9,+20.2,+21.9,+21.9,+0,+0,%00000000,%00000000,+0,02:48:01 01.04.2019
267,+22.3,+19.4,+19.8,+19.8,+20.1,+21.8,+21.8,+0,+0,%00000000,%00000000,+0,03:48:01 01.04.2019
268,+22,+19.6,+20,+19.8,+20.1,+21.8,+21.9,+0,+0,%00000000,%00000000,+0,04:48:01 01.04.2019
269,+21.7,+20.6,+20.1,+20,+20.1,+21.8,+21.7,+0,+0,%00000000,%00000000,+0,05:48:01 01.04.2019
270,+21.5,+20.9,+20.9,+20.2,+20.2,+21.8,+21.7,+0,+0,%00000000,%00000000,+0,06:48:01 01.04.2019
271,+21.3,+21.2,+21.5,+20.5,+20.3,+21.9,+21.8,+0,+0,%00000000,%00000000,+0,09:03:01 01.04.2019
272,+21.7,+21.1,+21.7,+20.6,+20.5,+22,+21.9,+0,+0,%00000000,%00000000,+0,10:03:01 01.04.2019
273,+22.3,+21,+21.7,+20.7,+20.6,+22.1,+21.9,+0,+0,%00000000,%00000000,+0,11:03:01 01.04.2019
274,+23,+21,+21.6,+20.8,+20.8,+22.2,+21.9,+0,+0,%00000000,%00000000,+0,12:03:01 01.04.2019
275,+23.6,+20.8,+21.3,+20.8,+20.9,+22.3,+22,+0,+0,%00000000,%00000000,+0,13:03:01 01.04.2019
276,+24.3,+17.7,+19,+17.4,+17.5,+17.6,+17.6,+0,+0,%00000000,%00000000,+0,14:03:01 01.04.2019
277,+24.9,+18.4,+19.3,+17.5,+17.6,+17.7,+17.7,+0,+0,%00000000,%00000000,+0,15:03:01 01.04.2019
278,+25.4,+19.2,+20,+17.8,+17.9,+18,+17.9,+0,+0,%00000000,%00000000,+0,16:03:01 01.04.2019
279,+25.7,+19.6,+19.6,+18,+18.1,+18.3,+18.1,+0,+0,%00000000,%00000000,+0,17:03:01 01.04.2019
280,+25.7,+20,+20.6,+18.3,+18.4,+18.7,+18.4,+0,+0,%00000000,%00000000,+0,18:03:01 01.04.2019
281,+25.6,+20.3,+21.1,+18.6,+18.7,+19.1,+18.6,+0,+0,%00000000,%00000000,+0,19:03:01 01.04.2019
282,+25.4,+20.6,+21.2,+18.9,+19,+19.4,+18.9,+0,+0,%00000000,%00000000,+0,20:03:01 01.04.2019
283,+24.6,+20.5,+20.9,+19.2,+19.3,+19.8,+19.2,+0,+0,%00000000,%00000000,+0,21:03:01 01.04.2019
284,+24.5,+0,+23,+0,+23.1,+0,+30.8,+0,+0,%00000000,%00000000,+0,22:03:01 01.04.2019
285,+24.3,+0,+23,+0,+23,+0,+30.9,+0,+0,%00000000,%00000000,+0,23:03:01 01.04.2019
286,+24.1,+0,+23,+0,+22.9,+0,+31.1,+0,+0,%00000000,%00000000,+0,00:03:01 02.04.2019
287,+23.9,+0,+23,+0,+23,+0,+31.2,+0,+0,%00000000,%00000000,+0,01:03:01 02.04.2019
288,+23.7,+0,+23,+0,+23.2,+0,+31.4,+0,+0,%00000000,%00000000,+0,02:03:01 02.04.2019
289,+23.4,+0,+23,+0,+23.5,+0,+30.2,+0,+0,%00000000,%00000000,+0,03:03:01 02.04.2019
290,+23.2,+0,+23,+0,+24,+0,+30.6,+0,+0,%00000000,%00000000,+0,04:03:01 02.04.2019
291,+22.9,+0,+23,+0,+24.5,+0,+31.3,+0,+0,%00000000,%00000000,+0,05:03:01 02.04.2019
292,+22.7,+0,+23,+0,+25,+0,+30.4,+0,+0,%00000000,%00000000,+0,06:03:01 02.04.2019
293,+22.6,+0,+23,+0,+25.4,+0,+29,+0,+0,%00000000,%00000000,+0,07:03:01 02.04.2019
294,+22.5,+0,+23,+0,+25.8,+0,+29.7,+0,+0,%00000000,%00000000,+0,08:04:01 02.04.2019
295,+22.7,+0,+23,+0,+26.1,+0,+29.9,+0,+0,%00000000,%00000000,+0,09:04:01 02.04.2019
296,+23,+0,+23,+0,+26.2,+0,+30.9,+0,+0,%00000000,%00000000,+0,10:04:01 02.04.2019
297,+23.3,+0,+23,+0,+24.6,+0,+31.2,+0,+0,%00000000,%00000000,+0,11:04:01 02.04.2019
298,+23.5,+0,+23,+0,+24.2,+0,+31.3,+0,+0,%00000000,%00000000,+0,12:04:01 02.04.2019
300,+23.7,+0,+23,+0,+24.7,+0,+32,+0,+0,%00000000,%00000000,+0,14:04:01 02.04.2019
301,+24.1,+0,+23,+0,+25.1,+0,+32.4,+0,+0,%00000000,%00000000,+0,15:04:01 02.04.2019
302,+24.5,+0,+23,+0,+25.6,+0,+31.3,+0,+0,%00000000,%00000000,+0,16:04:01 02.04.2019
303,+24.6,+0,+23,+0,+26.1,+0,+32.3,+0,+0,%00000000,%00000000,+0,17:04:01 02.04.2019
304,+24.6,+0,+23,+0,+26.7,+0,+32.7,+0,+0,%00000000,%00000000,+0,18:04:01 02.04.2019
305,+24.7,+0,+23,+0,+26.9,+0,+32.4,+0,+0,%00000000,%00000000,+0,19:04:01 02.04.2019
306,+24.6,+0,+23,+0,+27,+0,+33.1,+0,+0,%00000000,%00000000,+0,20:04:01 02.04.2019
307,+24.6,+0,+23,+0,+27.1,+0,+33.6,+0,+0,%00000000,%00000000,+0,21:04:01 02.04.2019
308,+24.4,+0,+23,+0,+26,+0,+31.2,+0,+0,%00000000,%00000000,+0,22:04:01 02.04.2019
309,+24.3,+0,+23,+0,+25.2,+0,+31.7,+0,+0,%00000000,%00000000,+0,23:04:01 02.04.2019
310,+24.1,+0,+23,+0,+25.1,+0,+31.8,+0,+0,%00000000,%00000000,+0,00:04:01 03.04.2019
311,+23.9,+0,+23,+0,+25.2,+0,+32.2,+0,+0,%00000000,%00000000,+0,01:04:01 03.04.2019
312,+23.7,+0,+23,+0,+25.3,+0,+32.6,+0,+0,%00000000,%00000000,+0,02:04:01 03.04.2019
316,+23,+0,+23,+0,+26.5,+0,+33.7,+0,+0,%00000000,%00000000,+0,06:04:01 03.04.2019
317,+22.9,+0,+23,+0,+25.4,+0,+31.9,+0,+0,%00000000,%00000000,+0,07:04:01 03.04.2019
318,+22.9,+0,+23,+0,+25,+0,+32.1,+0,+0,%00000000,%00000000,+0,08:04:01 03.04.2019
319,+23,+0,+23,+0,+24.5,+0,+32.1,+0,+0,%00000000,%00000000,+0,09:06:01 03.04.2019
320,+23.3,+0,+23,+0,+24.2,+0,+32,+0,+0,%00000000,%00000000,+0,10:06:01 03.04.2019
321,+23.5,+0,+23,+0,+24.3,+0,+32.2,+0,+0,%00000000,%00000000,+0,11:06:01 03.04.2019
322,+23.8,+0,+23,+0,+24.7,+0,+32.2,+0,+0,%00000000,%00000000,+0,12:06:01 03.04.2019
323,+24.2,+0,+23,+0,+25.1,+0,+32.2,+0,+0,%00000000,%00000000,+0,13:06:01 03.04.2019
325,+24.5,+0,+23,+0,+23.8,+0,+31.2,+0,+0,%00000000,%00000000,+0,15:06:01 03.04.2019
326,+24.7,+0,+23,+0,+23.6,+0,+32.1,+0,+0,%00000000,%00000000,+0,16:06:01 03.04.2019
327,+24.7,+0,+23,+0,+23.5,+0,+32.8,+0,+0,%00000000,%00000000,+0,17:06:01 03.04.2019
328,+24.6,+0,+23,+0,+23.3,+0,+31.6,+0,+0,%00000000,%00000000,+0,18:06:01 03.04.2019
329,+24.5,+0,+23,+0,+23.8,+0,+31.9,+0,+0,%00000000,%00000000,+0,19:06:01 03.04.2019
330,+24.3,+0,+23,+0,+24.3,+0,+32.3,+0,+0,%00000000,%00000000,+0,20:06:01 03.04.2019
334,+23.6,+0,+23,+0,+26.8,+0,+35.3,+0,+0,%00000000,%00000000,+0,00:06:01 04.04.2019
335,+23.4,+0,+23,+0,+27,+0,+31.1,+0,+0,%00000000,%00000000,+0,01:06:01 04.04.2019
336,+23.3,+0,+23,+0,+25,+0,+29.6,+0,+0,%00000000,%00000000,+0,02:06:01 04.04.2019
337,+23.1,+0,+23,+0,+24.7,+0,+29.5,+0,+0,%00000000,%00000000,+0,03:06:01 04.04.2019
342,+22.7,+0,+23,+0,+25.5,+0,+29.5,+0,+0,%00000000,%00000000,+0,08:06:01 04.04.2019
343,+22.7,+0,+23,+0,+27,+0,+29.6,+0,+0,%00000000,%00000000,+0,09:06:01 04.04.2019
344,+22.8,+0,+23,+0,+27.6,+0,+28.7,+0,+0,%00000000,%00000000,+0,10:06:01 04.04.2019
345,+22.9,+0,+23,+0,+28.2,+0,+30,+0,+0,%00000000,%00000000,+0,11:06:01 04.04.2019
346,+23.1,+0,+23,+0,+28.6,+0,+30.9,+0,+0,%00000000,%00000000,+0,12:06:01 04.04.2019
347,+23.2,+0,+23,+0,+28.7,+0,+31.5,+0,+0,%00000000,%00000000,+0,13:06:01 04.04.2019
348,+23.5,+0,+23,+0,+26.1,+0,+30.1,+0,+0,%00000000,%00000000,+0,14:06:01 04.04.2019
349,+24,+0,+23,+0,+25,+0,+28.4,+0,+0,%00000000,%00000000,+0,15:06:01 04.04.2019
350,+24.1,+0,+23,+0,+24.9,+0,+29.2,+0,+0,%00000000,%00000000,+0,16:06:01 04.04.2019
351,+24,+0,+23,+0,+25.1,+0,+28.9,+0,+0,%00000000,%00000000,+0,17:06:01 04.04.2019
352,+23.8,+0,+23,+0,+25.3,+0,+31.9,+0,+0,%00000000,%00000000,+0,18:06:01 04.04.2019
353,+23.6,+0,+23,+0,+25.8,+0,+33.9,+0,+0,%00000000,%00000000,+0,19:06:01 04.04.2019
354,+23.4,+0,+23,+0,+26.6,+0,+32.5,+0,+0,%00000000,%00000000,+0,20:06:01 04.04.2019
355,+23.3,+0,+23,+0,+27.3,+0,+32.2,+0,+0,%00000000,%00000000,+0,21:06:01 04.04.2019
356,+23,+0,+23,+0,+28,+0,+27.6,+0,+0,%00000000,%00000000,+0,22:06:01 04.04.2019
357,+22.8,+0,+23,+0,+24.6,+0,+29,+0,+0,%00000000,%00000000,+0,23:06:01 04.04.2019
358,+22.6,+0,+23,+0,+24.1,+0,+33,+0,+0,%00000000,%00000000,+0,00:06:01 05.04.2019
359,+22.4,+0,+23,+0,+23.9,+0,+31.9,+0,+0,%00000000,%00000000,+0,01:06:01 05.04.2019
360,+22.3,+0,+23,+0,+24.1,+0,+30.6,+0,+0,%00000000,%00000000,+0,02:06:01 05.04.2019
361,+22.1,+0,+23,+0,+24.3,+0,+28.5,+0,+0,%00000000,%00000000,+0,03:06:01 05.04.2019
362,+22,+0,+23,+0,+24.6,+0,+28.8,+0,+0,%00000000,%00000000,+0,04:06:01 05.04.2019
363,+21.9,+0,+23,+0,+25,+0,+29.1,+0,+0,%00000000,%00000000,+0,05:06:01 05.04.2019
364,+21.9,+0,+23,+0,+25.3,+0,+29.5,+0,+0,%00000000,%00000000,+0,06:06:01 05.04.2019
365,+21.8,+0,+23,+0,+25.5,+0,+29.7,+0,+0,%00000000,%00000000,+0,07:06:01 05.04.2019
366,+21.9,+0,+23,+0,+25.9,+0,+29.9,+0,+0,%00000000,%00000000,+0,08:06:01 05.04.2019
367,+22,+0,+23,+0,+23.7,+0,+28.1,+0,+0,%00000000,%00000000,+0,09:06:01 05.04.2019
368,+22.1,+0,+23,+0,+23.5,+0,+27.5,+0,+0,%00000000,%00000000,+0,10:06:01 05.04.2019
369,+22.2,+0,+23,+0,+23.5,+0,+27.6,+0,+0,%00000000,%00000000,+0,11:06:01 05.04.2019
370,+22.2,+0,+23,+0,+23.6,+0,+27.6,+0,+0,%00000000,%00000000,+0,12:06:01 05.04.2019
371,+22.3,+0,+23,+0,+23.8,+0,+28,+0,+0,%00000000,%00000000,+0,13:06:01 05.04.2019
372,+22.5,+0,+23,+0,+24.2,+0,+27.2,+0,+0,%00000000,%00000000,+0,14:06:01 05.04.2019
373,+22.8,+0,+23,+0,+24.7,+0,+25.4,+0,+0,%00000000,%00000000,+0,15:06:01 05.04.2019
374,+23,+0,+23,+0,+25.1,+0,+26.9,+0,+0,%00000000,%00000000,+0,16:06:01 05.04.2019
375,+23.1,+0,+23,+0,+25.6,+0,+27.7,+0,+0,%00000000,%00000000,+0,17:06:01 05.04.2019
376,+23.1,+0,+23,+0,+24,+0,+28,+0,+0,%00000000,%00000000,+0,18:06:01 05.04.2019
377,+23,+0,+23,+0,+24.1,+0,+28.1,+0,+0,%00000000,%00000000,+0,19:06:01 05.04.2019
378,+23,+0,+23,+0,+24.4,+0,+27.4,+0,+0,%00000000,%00000000,+0,20:06:01 05.04.2019
379,+22.8,+0,+23,+0,+25.3,+0,+30.1,+0,+0,%00000000,%00000000,+0,21:06:01 05.04.2019
380,+22.7,+0,+23,+0,+25.2,+0,+30,+0,+0,%00000000,%00000000,+0,22:06:01 05.04.2019
381,+22.5,+0,+23,+0,+25.4,+0,+29.2,+0,+0,%00000000,%00000000,+0,23:06:01 05.04.2019
382,+22.4,+0,+23,+0,+25.7,+0,+29.1,+0,+0,%00000000,%00000000,+0,00:06:01 06.04.2019
383,+22.2,+0,+23,+0,+26.1,+0,+29.2,+0,+0,%00000000,%00000000,+0,01:06:01 06.04.2019
384,+22,+0,+23,+0,+26.4,+0,+29.4,+0,+0,%00000000,%00000000,+0,02:06:01 06.04.2019
385,+21.9,+0,+23,+0,+27.1,+0,+30.2,+0,+0,%00000000,%00000000,+0,03:06:01 06.04.2019
386,+21.7,+0,+23,+0,+28,+0,+30.2,+0,+0,%00000000,%00000000,+0,04:06:01 06.04.2019
387,+21.6,+0,+23,+0,+28.6,+0,+30.5,+0,+0,%00000000,%00000000,+0,05:06:01 06.04.2019
388,+21.4,+0,+23,+0,+28.9,+0,+31.8,+0,+0,%00000000,%00000000,+0,06:06:01 06.04.2019
389,+21.3,+0,+23,+0,+25.9,+0,+30.3,+0,+0,%00000000,%00000000,+0,07:06:01 06.04.2019
390,+21.3,+0,+23,+0,+25.7,+0,+30.2,+0,+0,%00000000,%00000000,+0,08:06:01 06.04.2019
391,+21.3,+0,+23,+0,+25.6,+0,+29.1,+0,+0,%00000000,%00000000,+0,09:06:01 06.04.2019
392,+21.4,+0,+23,+0,+25.8,+0,+29.9,+0,+0,%00000000,%00000000,+0,10:06:01 06.04.2019
393,+21.4,+0,+23,+0,+26.2,+0,+29,+0,+0,%00000000,%00000000,+0,11:06:01 06.04.2019
394,+21.4,+0,+23,+0,+26.7,+0,+29.5,+0,+0,%00000000,%00000000,+0,12:06:01 06.04.2019
395,+21.5,+0,+23,+0,+27.4,+0,+30.3,+0,+0,%00000000,%00000000,+0,13:06:01 06.04.2019
396,+21.5,+0,+23,+0,+28,+0,+29.6,+0,+0,%00000000,%00000000,+0,14:06:01 06.04.2019
397,+21.5,+0,+23,+0,+28.5,+0,+30.6,+0,+0,%00000000,%00000000,+0,15:06:01 06.04.2019
398,+21.5,+0,+23,+0,+28.9,+0,+31.3,+0,+0,%00000000,%00000000,+0,16:06:01 06.04.2019
399,+21.8,+0,+23,+0,+29,+0,+31.8,+0,+0,%00000000,%00000000,+0,17:06:01 06.04.2019
400,+21.9,+0,+23,+0,+28.9,+0,+32.1,+0,+0,%00000000,%00000000,+0,18:06:01 06.04.2019
401,+21.9,+0,+23,+0,+28.8,+0,+32.3,+0,+0,%00000000,%00000000,+0,19:06:01 06.04.2019
402,+21.7,+0,+23,+0,+28.9,+0,+32.5,+0,+0,%00000000,%00000000,+0,20:06:01 06.04.2019
403,+21.6,+0,+23,+0,+29,+0,+32.7,+0,+0,%00000000,%00000000,+0,21:06:01 06.04.2019
404,+21.4,+0,+23,+0,+28.8,+0,+32.8,+0,+0,%00000000,%00000000,+0,22:06:01 06.04.2019
405,+21.3,+0,+23,+0,+28.6,+0,+32.7,+0,+0,%00000000,%00000000,+0,23:06:01 06.04.2019
406,+21.1,+0,+23,+0,+28.3,+0,+32.6,+0,+0,%00000000,%00000000,+0,00:06:01 07.04.2019
407,+21,+0,+23,+0,+28.1,+0,+32.5,+0,+0,%00000000,%00000000,+0,01:06:01 07.04.2019
408,+20.8,+0,+23,+0,+27.8,+0,+32.3,+0,+0,%00000000,%00000000,+0,02:06:01 07.04.2019
409,+20.6,+0,+23,+0,+27.5,+0,+32.1,+0,+0,%00000000,%00000000,+0,03:06:01 07.04.2019
410,+20.4,+0,+23,+0,+27.2,+0,+31.8,+0,+0,%00000000,%00000000,+0,04:06:01 07.04.2019
411,+20.2,+0,+23,+0,+26.8,+0,+31.6,+0,+0,%00000000,%00000000,+0,05:06:01 07.04.2019
412,+20,+0,+23,+0,+26.3,+0,+31.2,+0,+0,%00000000,%00000000,+0,06:06:01 07.04.2019
413,+19.8,+0,+23,+0,+26.1,+0,+31.4,+0,+0,%00000000,%00000000,+0,07:06:01 07.04.2019
414,+19.6,+0,+23,+0,+25.9,+0,+30.6,+0,+0,%00000000,%00000000,+0,08:06:01 07.04.2019
415,+19.6,+0,+23,+0,+25.9,+0,+29.3,+0,+0,%00000000,%00000000,+0,09:06:01 07.04.2019
416,+19.6,+0,+23,+0,+26,+0,+29.2,+0,+0,%00000000,%00000000,+0,10:06:01 07.04.2019
417,+19.6,+0,+23,+0,+26.3,+0,+29.9,+0,+0,%00000000,%00000000,+0,11:06:01 07.04.2019
418,+19.6,+0,+23,+0,+26.8,+0,+30.4,+0,+0,%00000000,%00000000,+0,12:06:01 07.04.2019
419,+19.6,+0,+23,+0,+27.3,+0,+30.8,+0,+0,%00000000,%00000000,+0,13:06:01 07.04.2019
420,+19.6,+0,+23,+0,+27.7,+0,+31.3,+0,+0,%00000000,%00000000,+0,14:06:01 07.04.2019
421,+19.7,+0,+23,+0,+28.1,+0,+31.7,+0,+0,%00000000,%00000000,+0,15:06:01 07.04.2019
422,+19.7,+0,+23,+0,+28.5,+0,+32.3,+0,+0,%00000000,%00000000,+0,16:06:01 07.04.2019
423,+19.8,+0,+23,+0,+28.7,+0,+34.6,+0,+0,%00000000,%00000000,+0,17:06:01 07.04.2019
424,+20.1,+0,+23,+0,+28.7,+0,+37.3,+0,+0,%00000000,%00000000,+0,18:06:01 07.04.2019
425,+20.4,+0,+23,+0,+28.8,+0,+40.4,+0,+0,%00000000,%00000000,+0,19:06:01 07.04.2019
426,+20.4,+0,+23,+0,+28.9,+0,+37,+0,+0,%00000000,%00000000,+0,20:06:01 07.04.2019
427,+20.3,+0,+23,+0,+28.8,+0,+35.7,+0,+0,%00000000,%00000000,+0,21:06:01 07.04.2019
428,+20.2,+0,+23,+0,+28.5,+0,+34.9,+0,+0,%00000000,%00000000,+0,22:06:01 07.04.2019
429,+20.1,+0,+23,+0,+28.3,+0,+34.3,+0,+0,%00000000,%00000000,+0,23:06:01 07.04.2019
430,+20,+0,+23,+0,+28.2,+0,+33.8,+0,+0,%00000000,%00000000,+0,00:06:01 08.04.2019
431,+19.9,+0,+23,+0,+28,+0,+33.4,+0,+0,%00000000,%00000000,+0,01:06:01 08.04.2019
432,+19.7,+0,+23,+0,+27.7,+0,+33,+0,+0,%00000000,%00000000,+0,02:06:01 08.04.2019
433,+19.6,+0,+23,+0,+27.5,+0,+32.6,+0,+0,%00000000,%00000000,+0,03:06:01 08.04.2019
434,+19.4,+0,+23,+0,+27.2,+0,+32.3,+0,+0,%00000000,%00000000,+0,04:06:01 08.04.2019
435,+19.2,+0,+23,+0,+27,+0,+31.9,+0,+0,%00000000,%00000000,+0,05:06:01 08.04.2019
436,+19.2,+0,+23,+0,+26.7,+0,+31.6,+0,+0,%00000000,%00000000,+0,06:06:01 08.04.2019
437,+19.3,+0,+23,+0,+26.4,+0,+49.7,+0,+0,%00000000,%00000000,+0,07:06:01 08.04.2019
438,+19.3,+0,+23,+0,+26.3,+0,+32.2,+0,+0,%00000000,%00000000,+0,08:06:01 08.04.2019
439,+19.5,+0,+23,+0,+26.4,+0,+28.3,+0,+0,%00000000,%00000000,+0,09:06:01 08.04.2019
440,+19.7,+0,+23,+0,+26.6,+0,+27.6,+0,+0,%00000000,%00000000,+0,10:06:01 08.04.2019
441,+19.9,+0,+23,+0,+27.3,+0,+26.2,+0,+0,%00000000,%00000000,+0,11:06:01 08.04.2019
442,+20.1,+0,+23,+0,+27.7,+0,+26.6,+0,+0,%00000000,%00000000,+0,12:06:01 08.04.2019
443,+20.3,+0,+23,+0,+28.2,+0,+27,+0,+0,%00000000,%00000000,+0,13:06:01 08.04.2019
444,+20.5,+0,+23,+0,+27.6,+0,+27,+0,+0,%00000000,%00000000,+0,14:06:01 08.04.2019
445,+20.8,+0,+23,+0,+26.9,+0,+26.8,+0,+0,%00000000,%00000000,+0,15:06:01 08.04.2019
446,+21.1,+0,+23,+0,+26.6,+0,+26.5,+0,+0,%00000000,%00000000,+0,16:06:01 08.04.2019
447,+21.2,+0,+23,+0,+26.6,+0,+26.4,+0,+0,%00000000,%00000000,+0,17:06:01 08.04.2019
448,+21.3,+0,+23,+0,+26.7,+0,+25.9,+0,+0,%00000000,%00000000,+0,18:06:01 08.04.2019
449,+21.4,+0,+23,+0,+26.9,+0,+26.1,+0,+0,%00000000,%00000000,+0,19:06:01 08.04.2019
450,+21.4,+0,+23,+0,+27.2,+0,+25.5,+0,+0,%00000000,%00000000,+0,20:06:01 08.04.2019
451,+21.4,+0,+23,+0,+27.7,+0,+26.2,+0,+0,%00000000,%00000000,+0,21:06:01 08.04.2019
452,+21.4,+0,+23,+0,+28,+0,+25.8,+0,+0,%00000000,%00000000,+0,22:06:01 08.04.2019
453,+21.2,+0,+23,+0,+25.9,+0,+24.1,+0,+0,%00000000,%00000000,+0,23:06:01 08.04.2019
454,+21.1,+0,+23,+0,+25.6,+0,+24.8,+0,+0,%00000000,%00000000,+0,00:06:01 09.04.2019
455,+21,+0,+23,+0,+25.6,+0,+24,+0,+0,%00000000,%00000000,+0,01:06:01 09.04.2019
456,+20.9,+0,+23,+0,+25.7,+0,+24.5,+0,+0,%00000000,%00000000,+0,02:06:01 09.04.2019
457,+20.8,+0,+23,+0,+25.8,+0,+24.7,+0,+0,%00000000,%00000000,+0,03:06:01 09.04.2019
458,+20.7,+0,+23,+0,+25.8,+0,+24.9,+0,+0,%00000000,%00000000,+0,04:06:01 09.04.2019
459,+20.6,+0,+23,+0,+25.8,+0,+25,+0,+0,%00000000,%00000000,+0,05:06:01 09.04.2019
460,+20.5,+0,+23,+0,+25.8,+0,+25.1,+0,+0,%00000000,%00000000,+0,06:06:01 09.04.2019
461,+20.6,+0,+23,+0,+26,+0,+25.3,+0,+0,%00000000,%00000000,+0,07:06:01 09.04.2019
462,+20.6,+0,+23,+0,+25,+0,+24.2,+0,+0,%00000000,%00000000,+0,08:06:01 09.04.2019
463,+20.6,+0,+23,+0,+24.6,+0,+24.1,+0,+0,%00000000,%00000000,+0,09:06:01 09.04.2019
464,+20.8,+0,+23,+0,+24.5,+0,+24,+0,+0,%00000000,%00000000,+0,10:06:01 09.04.2019
465,+20.9,+0,+23,+0,+24.5,+0,+24.1,+0,+0,%00000000,%00000000,+0,11:06:01 09.04.2019
466,+21.1,+0,+23,+0,+24.7,+0,+24.2,+0,+0,%00000000,%00000000,+0,12:06:01 09.04.2019
467,+21.2,+0,+23,+0,+24.9,+0,+24.4,+0,+0,%00000000,%00000000,+0,13:06:01 09.04.2019
468,+21.4,+0,+23,+0,+25.2,+0,+24.6,+0,+0,%00000000,%00000000,+0,14:06:01 09.04.2019
469,+21.7,+0,+23,+0,+25.6,+0,+25,+0,+0,%00000000,%00000000,+0,15:06:01 09.04.2019
470,+21.6,+0,+23,+0,+25.9,+0,+25.3,+0,+0,%00000000,%00000000,+0,16:06:01 09.04.2019
471,+21.7,+0,+23,+0,+26.2,+0,+24.5,+0,+0,%00000000,%00000000,+0,17:06:01 09.04.2019
472,+21.9,+0,+23,+0,+24.5,+0,+23.8,+0,+0,%00000000,%00000000,+0,18:06:01 09.04.2019
473,+21.9,+0,+23,+0,+24.2,+0,+22.7,+0,+0,%00000000,%00000000,+0,19:06:01 09.04.2019
474,+21.9,+0,+23,+0,+24,+0,+22.8,+0,+0,%00000000,%00000000,+0,20:06:01 09.04.2019
475,+22,+0,+23,+0,+24,+0,+22.1,+0,+0,%00000000,%00000000,+0,21:06:01 09.04.2019
476,+22,+0,+23,+0,+24.1,+0,+22.6,+0,+0,%00000000,%00000000,+0,22:06:01 09.04.2019
477,+21.9,+0,+23,+0,+24.3,+0,+22.9,+0,+0,%00000000,%00000000,+0,23:06:01 09.04.2019
478,+21.8,+0,+23,+0,+24.7,+0,+23.4,+0,+0,%00000000,%00000000,+0,00:06:01 10.04.2019
479,+21.7,+0,+23,+0,+25.1,+0,+23.6,+0,+0,%00000000,%00000000,+0,01:06:01 10.04.2019
480,+21.7,+0,+23,+0,+25.8,+0,+24.4,+0,+0,%00000000,%00000000,+0,02:06:01 10.04.2019
481,+21.6,+0,+23,+0,+26.1,+0,+24.8,+0,+0,%00000000,%00000000,+0,03:06:01 10.04.2019
482,+21.5,+0,+23,+0,+24.7,+0,+24.2,+0,+0,%00000000,%00000000,+0,04:06:01 10.04.2019
483,+21.4,+0,+23,+0,+24.7,+0,+23.9,+0,+0,%00000000,%00000000,+0,05:06:01 10.04.2019
484,+21.4,+0,+23,+0,+24.9,+0,+24,+0,+0,%00000000,%00000000,+0,06:06:01 10.04.2019
485,+21.3,+0,+23,+0,+25.2,+0,+24.3,+0,+0,%00000000,%00000000,+0,07:06:01 10.04.2019
486,+21.2,+0,+23,+0,+25.6,+0,+24.7,+0,+0,%00000000,%00000000,+0,08:06:01 10.04.2019
487,+21.2,+0,+23,+0,+26.4,+0,+24.7,+0,+0,%00000000,%00000000,+0,09:06:01 10.04.2019
488,+21.3,+0,+23,+0,+26.4,+0,+25.5,+0,+0,%00000000,%00000000,+0,10:06:01 10.04.2019
489,+21.4,+0,+23,+0,+26,+0,+23.1,+0,+0,%00000000,%00000000,+0,11:06:01 10.04.2019
490,+21.8,+0,+23,+0,+25.7,+0,+23,+0,+0,%00000000,%00000000,+0,12:06:01 10.04.2019
491,+22.2,+0,+23,+0,+25.7,+0,+23.1,+0,+0,%00000000,%00000000,+0,13:06:01 10.04.2019
492,+22.5,+0,+23,+0,+28,+0,+22.1,+0,+0,%00000000,%00000000,+0,14:06:01 10.04.2019
493,+22.7,+0,+23,+0,+27.4,+0,+19.8,+0,+0,%00000000,%00000000,+0,15:06:01 10.04.2019
494,+22.8,+0,+23,+0,+27.1,+0,+20.8,+0,+0,%00000000,%00000000,+0,16:06:01 10.04.2019
495,+23,+0,+23,+0,+26.9,+0,+21.8,+0,+0,%00000000,%00000000,+0,17:06:01 10.04.2019
496,+23.1,+0,+23,+0,+27.2,+0,+22,+0,+0,%00000000,%00000000,+0,18:06:01 10.04.2019
497,+23,+0,+23,+0,+27.4,+0,+23,+0,+0,%00000000,%00000000,+0,19:06:01 10.04.2019
498,+23,+0,+23,+0,+28.1,+0,+23.1,+0,+0,%00000000,%00000000,+0,20:06:01 10.04.2019
499,+23,+0,+23,+0,+28.7,+0,+23.1,+0,+0,%00000000,%00000000,+0,21:06:01 10.04.2019
500,+23,+0,+23,+0,+29.4,+0,+23.9,+0,+0,%00000000,%00000000,+0,22:06:01 10.04.2019
501,+23,+0,+23,+0,+29.5,+0,+28.6,+0,+0,%00000000,%00000000,+0,23:06:01 10.04.2019
502,+22.9,+0,+23,+0,+28.8,+0,+27.3,+0,+0,%00000000,%00000000,+0,00:06:01 11.04.2019
503,+22.8,+0,+23,+0,+28.7,+0,+26.7,+0,+0,%00000000,%00000000,+0,01:06:01 11.04.2019
504,+22.7,+0,+23,+0,+28.7,+0,+26.9,+0,+0,%00000000,%00000000,+0,02:06:01 11.04.2019
505,+22.6,+0,+23,+0,+28.7,+0,+27.3,+0,+0,%00000000,%00000000,+0,03:06:01 11.04.2019
506,+22.5,+0,+23,+0,+28.9,+0,+27.6,+0,+0,%00000000,%00000000,+0,04:06:01 11.04.2019
507,+22.4,+0,+23,+0,+29.1,+0,+27.9,+0,+0,%00000000,%00000000,+0,05:06:01 11.04.2019
508,+22.3,+0,+23,+0,+29.4,+0,+28.3,+0,+0,%00000000,%00000000,+0,06:06:01 11.04.2019
509,+22.3,+0,+23,+0,+29.6,+0,+28.6,+0,+0,%00000000,%00000000,+0,07:06:01 11.04.2019
510,+22.3,+0,+23,+0,+27.8,+0,+27.2,+0,+0,%00000000,%00000000,+0,08:06:01 11.04.2019
511,+20.9,+0,+23,+0,+27.7,+0,+27.1,+0,+0,%00000000,%00000000,+0,10:15:01 16.04.2019
512,+21.5,+0,+23,+0,+27.6,+0,+26.3,+0,+0,%00000000,%00000000,+0,11:57:01 16.04.2019
513,+21.8,+0,+23,+0,+27.6,+0,+25.9,+0,+0,%00000000,%00000000,+0,12:57:01 16.04.2019
514,+22.6,+0,+23,+0,+27.8,+0,+25.8,+0,+0,%00000000,%00000000,+0,14:35:01 16.04.2019
515,+23.3,+0,+23,+0,+28,+0,+26.2,+0,+0,%00000000,%00000000,+0,16:20:01 16.04.2019
516,+23.6,+0,+23,+0,+28.4,+0,+26.8,+0,+0,%00000000,%00000000,+0,17:22:01 16.04.2019
517,+23.7,+0,+23,+0,+28.8,+0,+27.3,+0,+0,%00000000,%00000000,+0,18:22:01 16.04.2019
518,+23.7,+0,+23,+0,+29.2,+0,+27.8,+0,+0,%00000000,%00000000,+0,19:22:01 16.04.2019
519,+23.6,+0,+23,+0,+29.8,+0,+27.6,+0,+0,%00000000,%00000000,+0,20:22:01 16.04.2019
520,+23.5,+0,+23,+0,+27.6,+0,+25.5,+0,+0,%00000000,%00000000,+0,21:22:01 16.04.2019
521,+23.4,+0,+23,+0,+27.6,+0,+26.2,+0,+0,%00000000,%00000000,+0,22:22:01 16.04.2019
522,+23.3,+0,+23,+0,+27.6,+0,+23,+0,+0,%00000000,%00000000,+0,23:22:01 16.04.2019
523,+23.2,+0,+23,+0,+27.7,+0,+24.1,+0,+0,%00000000,%00000000,+0,00:22:01 17.04.2019
524,+23,+0,+23,+0,+27.9,+0,+24.5,+0,+0,%00000000,%00000000,+0,01:22:01 17.04.2019
525,+22.8,+0,+23,+0,+28.3,+0,+25.2,+0,+0,%00000000,%00000000,+0,02:22:01 17.04.2019
526,+22.6,+0,+23,+0,+28.7,+0,+24.7,+0,+0,%00000000,%00000000,+0,03:22:01 17.04.2019
527,+22.4,+0,+23,+0,+29.1,+0,+23.4,+0,+0,%00000000,%00000000,+0,04:22:01 17.04.2019
528,+22.2,+0,+23,+0,+29.4,+0,+21.7,+0,+0,%00000000,%00000000,+0,05:22:01 17.04.2019
529,+21.9,+0,+23,+0,+27.5,+0,+22.6,+0,+0,%00000000,%00000000,+0,06:22:01 17.04.2019
530,+21.7,+0,+23,+0,+27.2,+0,+23.2,+0,+0,%00000000,%00000000,+0,07:22:01 17.04.2019
531,+21.6,+0,+23,+0,+27.2,+0,+21.1,+0,+0,%00000000,%00000000,+0,08:22:01 17.04.2019
532,+21.5,+0,+23,+0,+27.2,+0,+21.3,+0,+0,%00000000,%00000000,+0,10:00:01 17.04.2019
533,+21.6,+0,+23,+0,+26.1,+0,+21.9,+0,+0,%00000000,%00000000,+0,11:10:01 17.04.2019
534,+21.8,+0,+23,+0,+25.6,+0,+22.6,+0,+0,%00000000,%00000000,+0,12:10:01 17.04.2019
535,+22.2,+0,+23,+0,+25.5,+0,+22.1,+0,+0,%00000000,%00000000,+0,13:12:01 17.04.2019
536,+22.5,+0,+23,+0,+25.7,+0,+22.2,+0,+0,%00000000,%00000000,+0,14:12:01 17.04.2019
537,+22.9,+0,+23,+0,+26.2,+0,+21.7,+0,+0,%00000000,%00000000,+0,15:12:01 17.04.2019
538,+23.4,+0,+23,+0,+26.7,+0,+22.7,+0,+0,%00000000,%00000000,+0,16:12:01 17.04.2019
539,+23.7,+0,+23,+0,+27.6,+0,+24,+0,+0,%00000000,%00000000,+0,17:12:01 17.04.2019
540,+23.9,+0,+23,+0,+28.2,+0,+22.7,+0,+0,%00000000,%00000000,+0,18:12:01 17.04.2019
541,+24.1,+0,+23,+0,+28.7,+0,+23.2,+0,+0,%00000000,%00000000,+0,19:12:01 17.04.2019
542,+24.2,+0,+23,+0,+29.3,+0,+24.4,+0,+0,%00000000,%00000000,+0,20:12:01 17.04.2019
543,+24.1,+0,+23,+0,+26.9,+0,+26.5,+0,+0,%00000000,%00000000,+0,21:12:01 17.04.2019
544,+24.1,+0,+23,+0,+26.9,+0,+26.4,+0,+0,%00000000,%00000000,+0,22:12:01 17.04.2019
545,+24.1,+0,+23,+0,+27,+0,+26.6,+0,+0,%00000000,%00000000,+0,23:12:01 17.04.2019
546,+24,+0,+23,+0,+27.3,+0,+27,+0,+0,%00000000,%00000000,+0,00:12:01 18.04.2019
547,+23.9,+0,+23,+0,+27.7,+0,+27.4,+0,+0,%00000000,%00000000,+0,01:12:01 18.04.2019
548,+23.7,+0,+23,+0,+28.3,+0,+27.7,+0,+0,%00000000,%00000000,+0,02:12:01 18.04.2019
549,+23.6,+0,+23,+0,+28.9,+0,+28.2,+0,+0,%00000000,%00000000,+0,03:12:01 18.04.2019
550,+23.4,+0,+23,+0,+29.5,+0,+28.9,+0,+0,%00000000,%00000000,+0,04:12:01 18.04.2019
551,+23.2,+0,+23,+0,+30.2,+0,+29.2,+0,+0,%00000000,%00000000,+0,05:12:01 18.04.2019
552,+23,+0,+23,+0,+30.9,+0,+29.8,+0,+0,%00000000,%00000000,+0,06:12:01 18.04.2019
553,+22.9,+0,+23,+0,+31.4,+0,+30.3,+0,+0,%00000000,%00000000,+0,07:12:01 18.04.2019
554,+22.7,+0,+23,+0,+28.5,+0,+27.9,+0,+0,%00000000,%00000000,+0,08:12:01 18.04.2019
555,+22.4,+0,+23,+0,+28.3,+0,+27.8,+0,+0,%00000000,%00000000,+0,09:12:01 18.04.2019
556,+22.3,+0,+23,+0,+28.2,+0,+27.8,+0,+0,%00000000,%00000000,+0,10:20:01 18.04.2019
557,+23.1,+0,+23,+0,+28.4,+0,+27.9,+0,+0,%00000000,%00000000,+0,14:41:01 18.04.2019
558,+23.4,+0,+23,+0,+28.7,+0,+26.1,+0,+0,%00000000,%00000000,+0,15:41:01 18.04.2019
559,+23.6,+0,+23,+0,+29,+0,+26.8,+0,+0,%00000000,%00000000,+0,16:41:01 18.04.2019
560,+23.8,+0,+23,+0,+29.5,+0,+27.6,+0,+0,%00000000,%00000000,+0,17:41:01 18.04.2019
561,+24,+0,+23,+0,+30.2,+0,+27.2,+0,+0,%00000000,%00000000,+0,18:41:01 18.04.2019
562,+24.1,+0,+23,+0,+30.8,+0,+28.3,+0,+0,%00000000,%00000000,+0,19:41:01 18.04.2019
563,+24,+0,+23,+0,+31.4,+0,+29.1,+0,+0,%00000000,%00000000,+0,20:41:01 18.04.2019
564,+24,+0,+23,+0,+29.9,+0,+28.6,+0,+0,%00000000,%00000000,+0,21:41:01 18.04.2019
565,+24,+0,+23,+0,+29.6,+0,+28.6,+0,+0,%00000000,%00000000,+0,22:41:01 18.04.2019
566,+24,+0,+23,+0,+29.5,+0,+28.7,+0,+0,%00000000,%00000000,+0,23:41:01 18.04.2019
567,+23.9,+0,+23,+0,+29.6,+0,+28.7,+0,+0,%00000000,%00000000,+0,00:41:01 19.04.2019
568,+23.9,+0,+23,+0,+29.8,+0,+28.6,+0,+0,%00000000,%00000000,+0,01:41:01 19.04.2019
569,+23.8,+0,+23,+0,+30.2,+0,+29.1,+0,+0,%00000000,%00000000,+0,02:41:01 19.04.2019
570,+23.8,+0,+23,+0,+30.8,+0,+29,+0,+0,%00000000,%00000000,+0,03:41:01 19.04.2019
571,+23.7,+0,+23,+0,+31.3,+0,+29.3,+0,+0,%00000000,%00000000,+0,04:41:01 19.04.2019
572,+23.6,+0,+23,+0,+29.7,+0,+29.2,+0,+0,%00000000,%00000000,+0,05:41:01 19.04.2019
573,+23.5,+0,+23,+0,+29.7,+0,+29.3,+0,+0,%00000000,%00000000,+0,06:41:01 19.04.2019
574,+23.4,+0,+23,+0,+29.9,+0,+29.6,+0,+0,%00000000,%00000000,+0,07:41:01 19.04.2019
575,+23.4,+0,+23,+0,+30.3,+0,+29.8,+0,+0,%00000000,%00000000,+0,08:41:01 19.04.2019
576,+23.4,+0,+23,+0,+30.8,+0,+30.2,+0,+0,%00000000,%00000000,+0,09:41:01 19.04.2019
577,+23.3,+0,+23,+0,+31.4,+0,+30.7,+0,+0,%00000000,%00000000,+0,10:41:01 19.04.2019
578,+24.5,+0,+23,+0,+32,+0,+31.1,+0,+0,%00000000,%00000000,+0,16:46:01 19.04.2019
579,+24.6,+0,+23,+0,+32.5,+0,+31.5,+0,+0,%00000000,%00000000,+0,17:46:01 19.04.2019
580,+24.7,+0,+23,+0,+28.4,+0,+28.2,+0,+0,%00000000,%00000000,+0,18:46:01 19.04.2019
581,+24.8,+0,+23,+0,+28.2,+0,+28.1,+0,+0,%00000000,%00000000,+0,19:46:01 19.04.2019
582,+24.8,+0,+23,+0,+28,+0,+28,+0,+0,%00000000,%00000000,+0,20:46:01 19.04.2019
583,+24.7,+0,+23,+0,+28.1,+0,+28.1,+0,+0,%00000000,%00000000,+0,21:46:01 19.04.2019
584,+24.6,+0,+23,+0,+28.2,+0,+28.2,+0,+0,%00000000,%00000000,+0,22:46:01 19.04.2019
585,+24.5,+0,+23,+0,+28.5,+0,+28.4,+0,+0,%00000000,%00000000,+0,23:46:01 19.04.2019
586,+24.3,+0,+23,+0,+28.8,+0,+28.7,+0,+0,%00000000,%00000000,+0,00:46:01 20.04.2019
587,+24.2,+0,+23,+0,+29.2,+0,+29.1,+0,+0,%00000000,%00000000,+0,01:46:01 20.04.2019
588,+24,+0,+23,+0,+29.6,+0,+29.3,+0,+0,%00000000,%00000000,+0,02:46:01 20.04.2019
589,+23.8,+0,+23,+0,+30.1,+0,+29.5,+0,+0,%00000000,%00000000,+0,03:46:01 20.04.2019
590,+23.6,+0,+23,+0,+28.7,+0,+28,+0,+0,%00000000,%00000000,+0,04:46:01 20.04.2019
591,+23.3,+0,+23,+0,+28.6,+0,+28,+0,+0,%00000000,%00000000,+0,05:46:01 20.04.2019
592,+23.1,+0,+23,+0,+28.5,+0,+28,+0,+0,%00000000,%00000000,+0,06:46:01 20.04.2019
593,+22.9,+0,+23,+0,+28.5,+0,+27.6,+0,+0,%00000000,%00000000,+0,07:46:01 20.04.2019
594,+22.8,+0,+23,+0,+28.3,+0,+27.2,+0,+0,%00000000,%00000000,+0,08:46:01 20.04.2019
595,+22.6,+0,+23,+0,+28.2,+0,+27.4,+0,+0,%00000000,%00000000,+0,09:46:01 20.04.2019
596,+22.6,+0,+23,+0,+28.3,+0,+27.2,+0,+0,%00000000,%00000000,+0,10:46:01 20.04.2019
597,+22.7,+0,+23,+0,+28.5,+0,+27.5,+0,+0,%00000000,%00000000,+0,11:46:01 20.04.2019
598,+22.9,+0,+23,+0,+28.8,+0,+27.8,+0,+0,%00000000,%00000000,+0,12:46:01 20.04.2019
599,+23.2,+0,+23,+0,+29,+0,+28.1,+0,+0,%00000000,%00000000,+0,13:46:01 20.04.2019
600,+23.5,+0,+23,+0,+28.4,+0,+27.6,+0,+0,%00000000,%00000000,+0,14:46:01 20.04.2019
601,+23.9,+0,+23,+0,+28.3,+0,+27.6,+0,+0,%00000000,%00000000,+0,15:46:01 20.04.2019
602,+24.2,+0,+23,+0,+28.3,+0,+27.5,+0,+0,%00000000,%00000000,+0,16:46:01 20.04.2019
603,+24.5,+0,+23,+0,+28.4,+0,+27.7,+0,+0,%00000000,%00000000,+0,17:46:01 20.04.2019
604,+24.7,+0,+23,+0,+28.6,+0,+28,+0,+0,%00000000,%00000000,+0,18:46:01 20.04.2019
605,+24.9,+0,+23,+0,+28.9,+0,+28.3,+0,+0,%00000000,%00000000,+0,19:46:01 20.04.2019
606,+24.9,+0,+23,+0,+29.1,+0,+28.5,+0,+0,%00000000,%00000000,+0,20:46:01 20.04.2019
607,+24.8,+0,+23,+0,+28.8,+0,+26.5,+0,+0,%00000000,%00000000,+0,21:46:01 20.04.2019
608,+24.7,+0,+23,+0,+28.6,+0,+25.3,+0,+0,%00000000,%00000000,+0,22:46:01 20.04.2019
609,+24.6,+0,+23,+0,+28.5,+0,+26,+0,+0,%00000000,%00000000,+0,23:46:01 20.04.2019
610,+24.5,+0,+23,+0,+28.3,+0,+26.3,+0,+0,%00000000,%00000000,+0,00:46:01 21.04.2019
611,+24.3,+0,+23,+0,+25.6,+0,+24.8,+0,+0,%00000000,%00000000,+0,01:46:01 21.04.2019
612,+24.2,+0,+23,+0,+25.4,+0,+24.7,+0,+0,%00000000,%00000000,+0,02:46:01 21.04.2019
613,+24,+0,+23,+0,+25.2,+0,+24.6,+0,+0,%00000000,%00000000,+0,03:46:01 21.04.2019
614,+23.8,+0,+23,+0,+25.2,+0,+24.7,+0,+0,%00000000,%00000000,+0,04:46:01 21.04.2019
615,+23.6,+0,+23,+0,+25.4,+0,+24.8,+0,+0,%00000000,%00000000,+0,05:46:01 21.04.2019
616,+23.3,+0,+23,+0,+25.7,+0,+25.1,+0,+0,%00000000,%00000000,+0,06:46:01 21.04.2019
617,+23.1,+0,+23,+0,+26,+0,+25.4,+0,+0,%00000000,%00000000,+0,07:46:01 21.04.2019
618,+23,+0,+23,+0,+26.4,+0,+25.7,+0,+0,%00000000,%00000000,+0,08:46:01 21.04.2019
619,+22.8,+0,+23,+0,+26.7,+0,+26,+0,+0,%00000000,%00000000,+0,09:46:01 21.04.2019
620,+22.8,+0,+23,+0,+27,+0,+26.3,+0,+0,%00000000,%00000000,+0,10:46:01 21.04.2019
621,+22.8,+0,+23,+0,+25.6,+0,+25.5,+0,+0,%00000000,%00000000,+0,11:46:01 21.04.2019
622,+22.9,+0,+23,+0,+25.5,+0,+25,+0,+0,%00000000,%00000000,+0,12:46:01 21.04.2019
623,+23.1,+0,+23,+0,+25.5,+0,+25.3,+0,+0,%00000000,%00000000,+0,13:46:01 21.04.2019
624,+23.4,+0,+23,+0,+25.6,+0,+25.4,+0,+0,%00000000,%00000000,+0,14:46:01 21.04.2019
625,+23.8,+0,+23,+0,+25.9,+0,+25.6,+0,+0,%00000000,%00000000,+0,15:46:01 21.04.2019
626,+24,+0,+23,+0,+26.2,+0,+25.8,+0,+0,%00000000,%00000000,+0,16:46:01 21.04.2019
627,+24.2,+0,+23,+0,+26.6,+0,+25.5,+0,+0,%00000000,%00000000,+0,17:46:01 21.04.2019
628,+24.4,+0,+23,+0,+26.8,+0,+25.8,+0,+0,%00000000,%00000000,+0,18:46:01 21.04.2019
629,+24.4,+0,+23,+0,+27.1,+0,+26.1,+0,+0,%00000000,%00000000,+0,19:46:01 21.04.2019
630,+24.4,+0,+23,+0,+27.3,+0,+26.3,+0,+0,%00000000,%00000000,+0,20:46:01 21.04.2019
631,+24.3,+0,+23,+0,+27.4,+0,+26.9,+0,+0,%00000000,%00000000,+0,21:46:01 21.04.2019
632,+24.2,+0,+23,+0,+27.3,+0,+26.9,+0,+0,%00000000,%00000000,+0,22:46:01 21.04.2019
633,+24.1,+0,+23,+0,+27.4,+0,+26.7,+0,+0,%00000000,%00000000,+0,23:46:01 21.04.2019
634,+23.9,+0,+23,+0,+27.6,+0,+27,+0,+0,%00000000,%00000000,+0,00:46:01 22.04.2019
635,+23.8,+0,+23,+0,+27.9,+0,+27.4,+0,+0,%00000000,%00000000,+0,01:46:01 22.04.2019
636,+23.6,+0,+23,+0,+28.3,+0,+27.8,+0,+0,%00000000,%00000000,+0,02:46:01 22.04.2019
637,+23.3,+0,+23,+0,+28.7,+0,+28.3,+0,+0,%00000000,%00000000,+0,03:46:01 22.04.2019
638,+23.1,+0,+23,+0,+29.2,+0,+28.7,+0,+0,%00000000,%00000000,+0,04:46:01 22.04.2019
639,+22.9,+0,+23,+0,+26.6,+0,+26.5,+0,+0,%00000000,%00000000,+0,05:46:01 22.04.2019
640,+22.7,+0,+23,+0,+26.7,+0,+26.6,+0,+0,%00000000,%00000000,+0,06:46:01 22.04.2019
641,+22.5,+0,+23,+0,+26.9,+0,+26.8,+0,+0,%00000000,%00000000,+0,07:46:01 22.04.2019
642,+22.4,+0,+23,+0,+27.2,+0,+27.1,+0,+0,%00000000,%00000000,+0,08:46:01 22.04.2019
643,+22.3,+0,+23,+0,+27.6,+0,+27.5,+0,+0,%00000000,%00000000,+0,09:46:01 22.04.2019
644,+22.2,+0,+23,+0,+28.1,+0,+27.9,+0,+0,%00000000,%00000000,+0,10:46:01 22.04.2019
645,+22.3,+0,+23,+0,+28.9,+0,+28.4,+0,+0,%00000000,%00000000,+0,11:46:01 22.04.2019
646,+22.4,+0,+23,+0,+29.5,+0,+27.7,+0,+0,%00000000,%00000000,+0,12:46:01 22.04.2019
647,+22.5,+0,+23,+0,+29.6,+0,+29.1,+0,+0,%00000000,%00000000,+0,13:46:01 22.04.2019
648,+22.7,+0,+23,+0,+29.6,+0,+29.1,+0,+0,%00000000,%00000000,+0,14:46:01 22.04.2019
649,+23,+0,+23,+0,+29.7,+0,+27.9,+0,+0,%00000000,%00000000,+0,15:46:01 22.04.2019
650,+23.2,+0,+23,+0,+29.8,+0,+29.8,+0,+0,%00000000,%00000000,+0,16:46:01 22.04.2019
651,+23.3,+0,+23,+0,+29.8,+0,+29.1,+0,+0,%00000000,%00000000,+0,17:46:01 22.04.2019
652,+23.3,+0,+23,+0,+29.8,+0,+28.4,+0,+0,%00000000,%00000000,+0,18:46:01 22.04.2019
653,+23.3,+0,+23,+0,+29.6,+0,+27.3,+0,+0,%00000000,%00000000,+0,19:46:01 22.04.2019
654,+23.3,+0,+23,+0,+29.4,+0,+28.5,+0,+0,%00000000,%00000000,+0,20:46:01 22.04.2019
655,+23.2,+0,+23,+0,+29.2,+0,+28.2,+0,+0,%00000000,%00000000,+0,21:46:01 22.04.2019
656,+23.1,+0,+23,+0,+28.9,+0,+27.5,+0,+0,%00000000,%00000000,+0,22:46:01 22.04.2019
657,+23,+0,+23,+0,+28.7,+0,+26.7,+0,+0,%00000000,%00000000,+0,23:46:01 22.04.2019
658,+23,+0,+23,+0,+28.5,+0,+27.1,+0,+0,%00000000,%00000000,+0,00:46:01 23.04.2019
659,+22.8,+0,+23,+0,+28.2,+0,+27.5,+0,+0,%00000000,%00000000,+0,01:46:01 23.04.2019
660,+22.7,+0,+23,+0,+28.1,+0,+27,+0,+0,%00000000,%00000000,+0,02:46:01 23.04.2019
661,+22.6,+0,+23,+0,+27.8,+0,+26.3,+0,+0,%00000000,%00000000,+0,03:46:01 23.04.2019
662,+22.5,+0,+23,+0,+27.7,+0,+26.1,+0,+0,%00000000,%00000000,+0,04:46:01 23.04.2019
663,+22.3,+0,+23,+0,+27.7,+0,+27.6,+0,+0,%00000000,%00000000,+0,05:46:01 23.04.2019
664,+22.2,+0,+23,+0,+27.8,+0,+27.4,+0,+0,%00000000,%00000000,+0,06:46:01 23.04.2019
665,+17.3,+0,+23,+0,+28.1,+0,+27.1,+0,+0,%00000000,%00000000,+0,14:05:01 29.04.2019
666,+18.6,+0,+23,+0,+28.5,+0,+26.5,+0,+0,%00000000,%00000000,+0,15:10:01 30.04.2019
667,+19.2,+0,+23,+0,+29.1,+0,+29.1,+0,+0,%00000000,%00000000,+0,16:10:01 30.04.2019
668,+19.6,+0,+23,+0,+29.7,+0,+29.1,+0,+0,%00000000,%00000000,+0,17:10:01 30.04.2019
669,+20,+0,+23,+0,+30.3,+0,+28.5,+0,+0,%00000000,%00000000,+0,18:10:01 30.04.2019
670,+20.3,+0,+23,+0,+30.8,+0,+27.3,+0,+0,%00000000,%00000000,+0,19:10:01 30.04.2019
671,+20.6,+0,+23,+0,+31,+0,+30,+0,+0,%00000000,%00000000,+0,20:10:01 30.04.2019
672,+20.7,+0,+23,+0,+31.1,+0,+29.5,+0,+0,%00000000,%00000000,+0,21:10:01 30.04.2019
673,+20.8,+0,+23,+0,+31.1,+0,+28.8,+0,+0,%00000000,%00000000,+0,22:10:01 30.04.2019
674,+20.9,+0,+23,+0,+31.2,+0,+27.3,+0,+0,%00000000,%00000000,+0,23:10:01 30.04.2019
675,+20.9,+0,+23,+0,+31.1,+0,+29.9,+0,+0,%00000000,%00000000,+0,00:10:01 01.05.2019
676,+20.9,+0,+23,+0,+31,+0,+29.2,+0,+0,%00000000,%00000000,+0,01:10:01 01.05.2019
677,+20.8,+0,+23,+0,+30.8,+0,+28.4,+0,+0,%00000000,%00000000,+0,02:10:01 01.05.2019
678,+20.8,+0,+23,+0,+30.5,+0,+26.8,+0,+0,%00000000,%00000000,+0,03:10:01 01.05.2019
679,+20.7,+0,+23,+0,+30.1,+0,+28.9,+0,+0,%00000000,%00000000,+0,04:10:01 01.05.2019
680,+20.7,+0,+23,+0,+29.8,+0,+28.3,+0,+0,%00000000,%00000000,+0,05:10:01 01.05.2019
681,+20.6,+0,+23,+0,+29.5,+0,+27.5,+0,+0,%00000000,%00000000,+0,06:10:01 01.05.2019
682,+20.5,+0,+23,+0,+29.2,+0,+26.3,+0,+0,%00000000,%00000000,+0,07:10:01 01.05.2019
683,+20.4,+0,+23,+0,+28.8,+0,+28.1,+0,+0,%00000000,%00000000,+0,08:10:01 01.05.2019
684,+20.4,+0,+23,+0,+28.5,+0,+27.4,+0,+0,%00000000,%00000000,+0,09:10:01 01.05.2019
685,+20.4,+0,+23,+0,+29.8,+0,+27.2,+0,+0,%00000000,%00000000,+0,10:10:01 01.05.2019
686,+20.5,+0,+23,+0,+31.3,+0,+27.4,+0,+0,%00000000,%00000000,+0,11:10:01 01.05.2019
687,+20.6,+0,+23,+0,+31.8,+0,+28.4,+0,+0,%00000000,%00000000,+0,12:10:01 01.05.2019
688,+20.8,+0,+23,+0,+32.2,+0,+29.2,+0,+0,%00000000,%00000000,+0,13:10:01 01.05.2019
689,+21.1,+0,+23,+0,+32.4,+0,+29.2,+0,+0,%00000000,%00000000,+0,14:10:01 01.05.2019
690,+21.4,+0,+23,+0,+32.4,+0,+29.7,+0,+0,%00000000,%00000000,+0,15:10:01 01.05.2019
691,+21.8,+0,+23,+0,+32.3,+0,+30,+0,+0,%00000000,%00000000,+0,16:10:01 01.05.2019
692,+22.1,+0,+23,+0,+32.1,+0,+30.1,+0,+0,%00000000,%00000000,+0,17:10:01 01.05.2019
693,+22.3,+0,+23,+0,+31.9,+0,+30.2,+0,+0,%00000000,%00000000,+0,18:10:01 01.05.2019
694,+22.5,+0,+23,+0,+31.6,+0,+30.1,+0,+0,%00000000,%00000000,+0,19:10:01 01.05.2019
695,+22.7,+0,+23,+0,+31.3,+0,+30,+0,+0,%00000000,%00000000,+0,20:10:01 01.05.2019
696,+22.7,+0,+23,+0,+31,+0,+29.9,+0,+0,%00000000,%00000000,+0,21:10:01 01.05.2019
697,+22.7,+0,+23,+0,+30.7,+0,+29.8,+0,+0,%00000000,%00000000,+0,22:10:01 01.05.2019
698,+22.6,+0,+23,+0,+30.4,+0,+29.6,+0,+0,%00000000,%00000000,+0,23:10:01 01.05.2019
699,+22.5,+0,+23,+0,+30.1,+0,+29.5,+0,+0,%00000000,%00000000,+0,00:10:01 02.05.2019
700,+22.5,+0,+23,+0,+29.8,+0,+29.3,+0,+0,%00000000,%00000000,+0,01:10:01 02.05.2019
701,+22.3,+0,+23,+0,+29.5,+0,+29,+0,+0,%00000000,%00000000,+0,02:10:01 02.05.2019
702,+22.3,+0,+23,+0,+29,+0,+27.5,+0,+0,%00000000,%00000000,+0,03:10:01 02.05.2019
703,+22.1,+0,+23,+0,+28.7,+0,+27.6,+0,+0,%00000000,%00000000,+0,04:10:01 02.05.2019
704,+22,+0,+23,+0,+28.6,+0,+24.6,+0,+0,%00000000,%00000000,+0,05:10:01 02.05.2019
705,+21.9,+0,+23,+0,+28.5,+0,+23.2,+0,+0,%00000000,%00000000,+0,06:10:01 02.05.2019
706,+21.7,+0,+23,+0,+31.4,+0,+31,+0,+0,%00000000,%00000000,+0,07:10:01 02.05.2019
707,+21.7,+0,+23,+0,+30.7,+0,+28,+0,+0,%00000000,%00000000,+0,08:10:01 02.05.2019
708,+21.6,+0,+23,+0,+30.1,+0,+26.1,+0,+0,%00000000,%00000000,+0,09:10:01 02.05.2019
709,+21.6,+0,+23,+0,+29.6,+0,+24.4,+0,+0,%00000000,%00000000,+0,10:10:01 02.05.2019
710,+21.6,+0,+23,+0,+29.5,+0,+25.3,+0,+0,%00000000,%00000000,+0,11:10:01 02.05.2019
711,+21.7,+0,+23,+0,+29.6,+0,+26,+0,+0,%00000000,%00000000,+0,12:10:01 02.05.2019
712,+21.8,+0,+23,+0,+29.8,+0,+22.3,+0,+0,%00000000,%00000000,+0,13:10:01 02.05.2019
713,+22.1,+0,+23,+0,+30,+0,+23.2,+0,+0,%00000000,%00000000,+0,14:10:01 02.05.2019
714,+22.7,+0,+23,+0,+30.3,+0,+24.9,+0,+0,%00000000,%00000000,+0,16:53:01 02.05.2019
715,+22.8,+0,+23,+0,+30.8,+0,+23,+0,+0,%00000000,%00000000,+0,17:53:01 02.05.2019
716,+23,+0,+23,+0,+31,+0,+24.7,+0,+0,%00000000,%00000000,+0,18:53:01 02.05.2019
717,+23.1,+0,+23,+0,+31.1,+0,+25.3,+0,+0,%00000000,%00000000,+0,19:53:01 02.05.2019
718,+23.1,+0,+23,+0,+31.3,+0,+26.2,+0,+0,%00000000,%00000000,+0,20:53:01 02.05.2019
719,+23.1,+0,+23,+0,+31.5,+0,+27,+0,+0,%00000000,%00000000,+0,21:53:01 02.05.2019
720,+23.1,+0,+23,+0,+31.6,+0,+27.7,+0,+0,%00000000,%00000000,+0,22:53:01 02.05.2019
721,+23.1,+0,+23,+0,+31.6,+0,+28.2,+0,+0,%00000000,%00000000,+0,23:53:01 02.05.2019
722,+23.1,+0,+23,+0,+31.5,+0,+28.6,+0,+0,%00000000,%00000000,+0,00:53:01 03.05.2019
723,+23,+0,+23,+0,+31.3,+0,+28.8,+0,+0,%00000000,%00000000,+0,01:53:01 03.05.2019
724,+23,+0,+23,+0,+31.1,+0,+28.9,+0,+0,%00000000,%00000000,+0,02:53:01 03.05.2019
725,+22.9,+0,+23,+0,+30.8,+0,+29,+0,+0,%00000000,%00000000,+0,03:53:01 03.05.2019
726,+22.8,+0,+23,+0,+30.6,+0,+29,+0,+0,%00000000,%00000000,+0,04:53:01 03.05.2019
727,+22.7,+0,+23,+0,+30.3,+0,+29,+0,+0,%00000000,%00000000,+0,05:53:01 03.05.2019
728,+22.6,+0,+23,+0,+30,+0,+28.9,+0,+0,%00000000,%00000000,+0,06:53:01 03.05.2019
729,+22.5,+0,+23,+0,+29.7,+0,+28.9,+0,+0,%00000000,%00000000,+0,07:53:01 03.05.2019
730,+22.4,+0,+23,+0,+29.1,+0,+23.6,+0,+0,%00000000,%00000000,+0,08:53:01 03.05.2019
731,+22.3,+0,+23,+0,+28.4,+0,+23.8,+0,+0,%00000000,%00000000,+0,09:53:01 03.05.2019
732,+22,+0,+23,+0,+28.2,+0,+23.4,+0,+0,%00000000,%00000000,+0,10:53:01 03.05.2019
733,+21.2,+0,+23,+0,+28.2,+0,+24.2,+0,+0,%00000000,%00000000,+0,11:53:01 03.05.2019
734,+20.4,+0,+23,+0,+28.4,+0,+22.8,+0,+0,%00000000,%00000000,+0,12:53:01 03.05.2019
735,+20,+0,+23,+0,+28.4,+0,+22.9,+0,+0,%00000000,%00000000,+0,13:53:01 03.05.2019
736,+19.7,+0,+23,+0,+28.7,+0,+23.9,+0,+0,%00000000,%00000000,+0,14:53:01 03.05.2019
737,+19.7,+0,+23,+0,+29.1,+0,+25.2,+0,+0,%00000000,%00000000,+0,15:53:01 03.05.2019
738,+19.4,+0,+23,+0,+29.6,+0,+24.5,+0,+0,%00000000,%00000000,+0,16:53:01 03.05.2019
739,+19.3,+0,+23,+0,+29.9,+0,+26.1,+0,+0,%00000000,%00000000,+0,17:53:01 03.05.2019
740,+19.6,+0,+23,+0,+29.9,+0,+28.8,+0,+0,%00000000,%00000000,+0,18:53:01 03.05.2019
741,+20.1,+0,+23,+0,+29.7,+0,+30.7,+0,+0,%00000000,%00000000,+0,19:53:01 03.05.2019
742,+20.1,+0,+23,+0,+29.5,+0,+32.3,+0,+0,%00000000,%00000000,+0,20:53:01 03.05.2019
743,+20.4,+0,+23,+0,+29.7,+0,+34.8,+0,+0,%00000000,%00000000,+0,21:53:01 03.05.2019
744,+20.7,+0,+23,+0,+29.8,+0,+37,+0,+0,%00000000,%00000000,+0,22:53:01 03.05.2019
745,+20.8,+0,+23,+0,+29.9,+0,+39.7,+0,+0,%00000000,%00000000,+0,23:53:01 03.05.2019
746,+20.9,+0,+23,+0,+29.9,+0,+41,+0,+0,%00000000,%00000000,+0,00:53:01 04.05.2019
747,+21,+0,+23,+0,+29.9,+0,+42.9,+0,+0,%00000000,%00000000,+0,01:53:01 04.05.2019
748,+21.1,+0,+23,+0,+29.9,+0,+47.8,+0,+0,%00000000,%00000000,+0,02:53:01 04.05.2019
749,+21.1,+0,+23,+0,+29.9,+0,+45.4,+0,+0,%00000000,%00000000,+0,03:53:01 04.05.2019
750,+21.1,+0,+23,+0,+29.8,+0,+39.9,+0,+0,%00000000,%00000000,+0,04:53:01 04.05.2019
751,+21.1,+0,+23,+0,+29.8,+0,+37,+0,+0,%00000000,%00000000,+0,05:53:01 04.05.2019
752,+21.1,+0,+23,+0,+29.8,+0,+35.1,+0,+0,%00000000,%00000000,+0,06:53:01 04.05.2019
753,+21.1,+0,+23,+0,+29.7,+0,+33.7,+0,+0,%00000000,%00000000,+0,07:53:01 04.05.2019
754,+21.1,+0,+23,+0,+29.3,+0,+42.7,+0,+0,%00000000,%00000000,+0,08:53:01 04.05.2019
755,+21.2,+0,+23,+0,+29,+0,+37.3,+0,+0,%00000000,%00000000,+0,09:53:01 04.05.2019
756,+21.2,+0,+23,+0,+29,+0,+34.6,+0,+0,%00000000,%00000000,+0,10:53:01 04.05.2019
757,+21.4,+0,+23,+0,+29.2,+0,+33.1,+0,+0,%00000000,%00000000,+0,11:53:01 04.05.2019
758,+21.5,+0,+23,+0,+29.3,+0,+34.4,+0,+0,%00000000,%00000000,+0,12:53:01 04.05.2019
759,+21.6,+0,+23,+0,+29.2,+0,+42.5,+0,+0,%00000000,%00000000,+0,13:53:01 04.05.2019
760,+21.6,+0,+23,+0,+29.3,+0,+32.3,+0,+0,%00000000,%00000000,+0,14:53:01 04.05.2019
761,+21.7,+0,+23,+0,+29.5,+0,+22.9,+0,+0,%00000000,%00000000,+0,15:53:01 04.05.2019
762,+21.7,+0,+23,+0,+29.5,+0,+23.2,+0,+0,%00000000,%00000000,+0,16:53:01 04.05.2019
763,+21.6,+0,+23,+0,+29.6,+0,+22.9,+0,+0,%00000000,%00000000,+0,17:53:01 04.05.2019
764,+21.6,+0,+23,+0,+29.7,+0,+25.8,+0,+0,%00000000,%00000000,+0,18:53:01 04.05.2019
765,+21.6,+0,+23,+0,+29.8,+0,+28.5,+0,+0,%00000000,%00000000,+0,19:53:01 04.05.2019
766,+21.6,+0,+23,+0,+30.2,+0,+28.3,+0,+0,%00000000,%00000000,+0,20:53:01 04.05.2019
767,+21.5,+0,+23,+0,+30.6,+0,+28.2,+0,+0,%00000000,%00000000,+0,21:53:01 04.05.2019
768,+21.4,+0,+23,+0,+30.9,+0,+28.3,+0,+0,%00000000,%00000000,+0,22:53:01 04.05.2019
769,+21.4,+0,+23,+0,+31.1,+0,+28.5,+0,+0,%00000000,%00000000,+0,23:53:01 04.05.2019
770,+21.3,+0,+23,+0,+31.1,+0,+28.6,+0,+0,%00000000,%00000000,+0,00:53:01 05.05.2019
771,+21.2,+0,+23,+0,+31,+0,+28.6,+0,+0,%00000000,%00000000,+0,01:53:01 05.05.2019
772,+21.2,+0,+23,+0,+30.8,+0,+28.7,+0,+0,%00000000,%00000000,+0,02:53:01 05.05.2019
773,+21.1,+0,+23,+0,+30.6,+0,+28.7,+0,+0,%00000000,%00000000,+0,03:53:01 05.05.2019
774,+21,+0,+23,+0,+30.3,+0,+28.6,+0,+0,%00000000,%00000000,+0,04:53:01 05.05.2019
775,+20.9,+0,+23,+0,+30,+0,+28.5,+0,+0,%00000000,%00000000,+0,05:53:01 05.05.2019
776,+20.8,+0,+23,+0,+29.7,+0,+28.4,+0,+0,%00000000,%00000000,+0,06:53:01 05.05.2019
777,+20.7,+0,+23,+0,+29.2,+0,+28.2,+0,+0,%00000000,%00000000,+0,07:53:01 05.05.2019
778,+20.6,+0,+23,+0,+28.7,+0,+22.6,+0,+0,%00000000,%00000000,+0,08:53:01 05.05.2019
779,+20.5,+0,+23,+0,+28.2,+0,+21.1,+0,+0,%00000000,%00000000,+0,09:53:01 05.05.2019
780,+20.4,+0,+23,+0,+28,+0,+24.5,+0,+0,%00000000,%00000000,+0,10:53:01 05.05.2019
781,+20.3,+0,+23,+0,+28.1,+0,+24,+0,+0,%00000000,%00000000,+0,11:53:01 05.05.2019
782,+20.2,+0,+23,+0,+28.4,+0,+23.4,+0,+0,%00000000,%00000000,+0,12:53:01 05.05.2019
783,+20.2,+0,+23,+0,+28.6,+0,+22.4,+0,+0,%00000000,%00000000,+0,13:53:01 05.05.2019
784,+20.1,+0,+23,+0,+28.9,+0,+23.7,+0,+0,%00000000,%00000000,+0,14:53:01 05.05.2019
785,+20,+0,+23,+0,+29.3,+0,+24.9,+0,+0,%00000000,%00000000,+0,15:53:01 05.05.2019
786,+19.9,+0,+23,+0,+29.6,+0,+21.3,+0,+0,%00000000,%00000000,+0,16:53:01 05.05.2019
787,+19.8,+0,+23,+0,+29.5,+0,+24.3,+0,+0,%00000000,%00000000,+0,17:53:01 05.05.2019
788,+19.7,+0,+23,+0,+29.5,+0,+27.5,+0,+0,%00000000,%00000000,+0,18:53:01 05.05.2019
789,+19.7,+0,+23,+0,+29.5,+0,+30.2,+0,+0,%00000000,%00000000,+0,19:53:01 05.05.2019
790,+19.6,+0,+23,+0,+29.8,+0,+33.5,+0,+0,%00000000,%00000000,+0,20:53:01 05.05.2019
791,+19.5,+0,+23,+0,+30.1,+0,+36.4,+0,+0,%00000000,%00000000,+0,21:53:01 05.05.2019
792,+19.4,+0,+23,+0,+30.4,+0,+40.4,+0,+0,%00000000,%00000000,+0,22:53:01 05.05.2019
793,+19.4,+0,+23,+0,+30.5,+0,+42.1,+0,+0,%00000000,%00000000,+0,23:53:01 05.05.2019
794,+19.3,+0,+23,+0,+30.6,+0,+43,+0,+0,%00000000,%00000000,+0,00:53:01 06.05.2019
795,+19.2,+0,+23,+0,+30.6,+0,+46.4,+0,+0,%00000000,%00000000,+0,01:53:01 06.05.2019
796,+19.1,+0,+23,+0,+30.7,+0,+47.9,+0,+0,%00000000,%00000000,+0,02:53:01 06.05.2019
797,+19.1,+0,+23,+0,+30.7,+0,+48.3,+0,+0,%00000000,%00000000,+0,03:53:01 06.05.2019
798,+19,+0,+23,+0,+30.7,+0,+48.3,+0,+0,%00000000,%00000000,+0,04:53:01 06.05.2019
799,+18.9,+0,+23,+0,+30.7,+0,+45.1,+0,+0,%00000000,%00000000,+0,05:53:01 06.05.2019
800,+18.9,+0,+23,+0,+30.5,+0,+40.7,+0,+0,%00000000,%00000000,+0,06:53:01 06.05.2019
801,+18.8,+0,+23,+0,+30,+0,+26.5,+0,+0,%00000000,%00000000,+0,07:53:01 06.05.2019
802,+18.7,+0,+23,+0,+29.2,+0,+23.3,+0,+0,%00000000,%00000000,+0,08:53:01 06.05.2019
803,+18.6,+0,+23,+0,+28.1,+0,+21.9,+0,+0,%00000000,%00000000,+0,09:53:01 06.05.2019
804,+18.5,+0,+23,+0,+27.3,+0,+22.4,+0,+0,%00000000,%00000000,+0,10:53:01 06.05.2019
805,+18.6,+0,+23,+0,+26.9,+0,+22.9,+0,+0,%00000000,%00000000,+0,11:53:01 06.05.2019
806,+18.7,+0,+23,+0,+26.9,+0,+23.5,+0,+0,%00000000,%00000000,+0,12:53:01 06.05.2019
807,+18.9,+0,+23,+0,+27,+0,+24.2,+0,+0,%00000000,%00000000,+0,13:53:01 06.05.2019
808,+19.2,+0,+23,+0,+27.3,+0,+24.8,+0,+0,%00000000,%00000000,+0,15:04:01 06.05.2019
809,+19.5,+0,+23,+0,+27.7,+0,+22.4,+0,+0,%00000000,%00000000,+0,16:04:01 06.05.2019
810,+19.7,+0,+23,+0,+27.8,+0,+21.8,+0,+0,%00000000,%00000000,+0,17:04:01 06.05.2019
811,+19.7,+0,+23,+0,+28,+0,+21.8,+0,+0,%00000000,%00000000,+0,18:04:01 06.05.2019
812,+19.8,+0,+23,+0,+28,+0,+20.1,+0,+0,%00000000,%00000000,+0,19:04:01 06.05.2019
813,+19.9,+0,+23,+0,+28,+0,+20,+0,+0,%00000000,%00000000,+0,20:04:01 06.05.2019
814,+20,+0,+23,+0,+27.9,+0,+19.9,+0,+0,%00000000,%00000000,+0,21:04:01 06.05.2019
815,+20,+0,+23,+0,+27.9,+0,+19.9,+0,+0,%00000000,%00000000,+0,22:04:01 06.05.2019
816,+19.9,+0,+23,+0,+27.9,+0,+20,+0,+0,%00000000,%00000000,+0,23:04:01 06.05.2019
817,+19.9,+0,+23,+0,+27.8,+0,+19.9,+0,+0,%00000000,%00000000,+0,00:04:01 07.05.2019
818,+19.8,+0,+23,+0,+27.5,+0,+19.9,+0,+0,%00000000,%00000000,+0,01:04:01 07.05.2019
819,+19.6,+0,+23,+0,+27.1,+0,+19.7,+0,+0,%00000000,%00000000,+0,02:04:01 07.05.2019
820,+19.5,+0,+23,+0,+27.1,+0,+22.6,+0,+0,%00000000,%00000000,+0,03:04:01 07.05.2019
821,+19.4,+0,+23,+0,+26.3,+0,+21.5,+0,+0,%00000000,%00000000,+0,04:04:01 07.05.2019
822,+19.2,+0,+23,+0,+25.9,+0,+21.7,+0,+0,%00000000,%00000000,+0,05:04:01 07.05.2019
823,+19.1,+0,+23,+0,+27.4,+0,+24,+0,+0,%00000000,%00000000,+0,06:04:01 07.05.2019
824,+18.9,+0,+23,+0,+27.9,+0,+25,+0,+0,%00000000,%00000000,+0,07:04:01 07.05.2019
825,+18.8,+0,+23,+0,+28.5,+0,+22.1,+0,+0,%00000000,%00000000,+0,08:04:01 07.05.2019
826,+18.7,+0,+23,+0,+28.7,+0,+24.1,+0,+0,%00000000,%00000000,+0,09:04:01 07.05.2019
827,+18.7,+0,+23,+0,+29,+0,+25,+0,+0,%00000000,%00000000,+0,10:04:01 07.05.2019
828,+18.9,+0,+23,+0,+29.2,+0,+25.8,+0,+0,%00000000,%00000000,+0,11:04:01 07.05.2019
829,+19,+0,+23,+0,+29.3,+0,+26.4,+0,+0,%00000000,%00000000,+0,12:04:01 07.05.2019
830,+19.2,+0,+23,+0,+29.5,+0,+26.8,+0,+0,%00000000,%00000000,+0,13:04:01 07.05.2019
831,+19.4,+0,+23,+0,+29.5,+0,+27.2,+0,+0,%00000000,%00000000,+0,14:04:01 07.05.2019
832,+19.7,+0,+23,+0,+29.5,+0,+27.5,+0,+0,%00000000,%00000000,+0,15:04:01 07.05.2019
833,+20,+0,+23,+0,+29.4,+0,+27.7,+0,+0,%00000000,%00000000,+0,16:04:01 07.05.2019
834,+20.3,+0,+23,+0,+29.3,+0,+27.9,+0,+0,%00000000,%00000000,+0,17:04:01 07.05.2019
835,+20.5,+0,+23,+0,+29.2,+0,+27.9,+0,+0,%00000000,%00000000,+0,18:04:01 07.05.2019
836,+20.6,+0,+23,+0,+29,+0,+27.9,+0,+0,%00000000,%00000000,+0,19:04:01 07.05.2019
837,+20.7,+0,+23,+0,+28.8,+0,+27.9,+0,+0,%00000000,%00000000,+0,20:04:01 07.05.2019
838,+20.7,+0,+23,+0,+28.5,+0,+27.9,+0,+0,%00000000,%00000000,+0,21:04:01 07.05.2019
839,+20.7,+0,+23,+0,+28.1,+0,+27.8,+0,+0,%00000000,%00000000,+0,22:04:01 07.05.2019
840,+20.6,+0,+23,+0,+27.6,+0,+27.6,+0,+0,%00000000,%00000000,+0,23:04:01 07.05.2019
841,+20.5,+0,+23,+0,+27.4,+0,+27.4,+0,+0,%00000000,%00000000,+0,00:04:01 08.05.2019
842,+20.4,+0,+23,+0,+27.4,+0,+27.5,+0,+0,%00000000,%00000000,+0,01:04:01 08.05.2019
843,+20.2,+0,+23,+0,+27.4,+0,+27.6,+0,+0,%00000000,%00000000,+0,02:04:01 08.05.2019
844,+20.1,+0,+23,+0,+27.7,+0,+27.7,+0,+0,%00000000,%00000000,+0,03:04:01 08.05.2019
845,+20,+0,+23,+0,+28.2,+0,+28,+0,+0,%00000000,%00000000,+0,04:04:01 08.05.2019
846,+19.9,+0,+23,+0,+28.7,+0,+28.4,+0,+0,%00000000,%00000000,+0,05:04:01 08.05.2019
847,+19.7,+0,+23,+0,+29.3,+0,+27.5,+0,+0,%00000000,%00000000,+0,06:04:01 08.05.2019
848,+19.6,+0,+23,+0,+29.8,+0,+28,+0,+0,%00000000,%00000000,+0,07:04:01 08.05.2019
849,+19.6,+0,+23,+0,+30.1,+0,+23.4,+0,+0,%00000000,%00000000,+0,08:04:01 08.05.2019
850,+20.4,+0,+23,+0,+28.2,+0,+26.2,+0,+0,%00000000,%00000000,+0,16:41:01 08.05.2019
851,+20.5,+0,+23,+0,+27.3,+0,+23.6,+0,+0,%00000000,%00000000,+0,17:41:01 08.05.2019
852,+20.7,+0,+23,+0,+26.8,+0,+24.1,+0,+0,%00000000,%00000000,+0,18:41:01 08.05.2019
853,+20.9,+0,+23,+0,+26.7,+0,+24.4,+0,+0,%00000000,%00000000,+0,19:41:01 08.05.2019
854,+21.1,+0,+23,+0,+26.8,+0,+24.7,+0,+0,%00000000,%00000000,+0,20:41:01 08.05.2019
855,+21.2,+0,+23,+0,+27,+0,+23.5,+0,+0,%00000000,%00000000,+0,21:41:01 08.05.2019
856,+21.3,+0,+0,+0,+0,+0,+0,+0,+0,%00000000,%00000000,+0,22:41:01 08.05.2019
857,+21.4,+0,+0,+0,+0,+0,+0,+0,+0,%00000000,%00000000,+0,23:41:01 08.05.2019
858,+21.4,+0,+0,+0,+0,+0,+0,+0,+0,%00000000,%00000000,+0,00:41:01 09.05.2019
859,+21.4,+0,+0,+0,+0,+0,+0,+0,+0,%00000000,%00000000,+0,01:41:01 09.05.2019
860,+21.4,+0,+0,+0,+0,+0,+0,+0,+0,%00000000,%00000000,+0,02:41:01 09.05.2019
861,+21.4,+0,+0,+0,+0,+0,+0,+0,+0,%00000000,%00000000,+0,03:41:01 09.05.2019
862,+21.3,+0,+0,+0,+0,+0,+0,+0,+0,%00000000,%00000000,+0,04:41:01 09.05.2019
863,+21.3,+0,+0,+0,+0,+0,+0,+0,+0,%00000000,%00000000,+0,05:41:01 09.05.2019
864,+21.3,+0,+0,+0,+0,+0,+0,+0,+0,%00000000,%00000000,+0,06:41:01 09.05.2019
865,+21.3,+0,+0,+0,+0,+0,+0,+0,+0,%00000000,%00000000,+0,07:41:01 09.05.2019
866,+21.3,+0,+0,+0,+0,+0,+0,+0,+0,%00000000,%00000000,+0,08:41:01 09.05.2019
867,+21.4,+0,+0,+0,+0,+0,+0,+0,+0,%00000000,%00000000,+0,09:41:01 09.05.2019
868,+23.8,+0,+0,+0,+0,+0,+0,+0,+0,%00000000,%00000000,+0,10:59:01 09.05.2019
869,+25.4,+0,+0,+0,+0,+0,+0,+0,+0,%00000000,%00000000,+0,12:00:01 09.05.2019
870,+26.5,+0,+0,+0,+0,+0,+0,+0,+0,%00000000,%00000000,+0,13:00:01 09.05.2019
871,+27.3,+0,+0,+0,+0,+0,+0,+0,+0,%00000000,%00000000,+0,14:00:01 09.05.2019
872,+27.5,+0,+0,+0,+0,+0,+0,+0,+0,%00000000,%00000000,+0,15:00:01 09.05.2019
873,+27.6,+0,+0,+0,+0,+0,+0,+0,+0,%00000000,%00000000,+0,16:00:01 09.05.2019
874,+27.8,+0,+0,+0,+0,+0,+0,+0,+0,%00000000,%00000000,+0,17:00:01 09.05.2019
875,+28,+0,+0,+0,+0,+0,+0,+0,+0,%00000000,%00000000,+0,18:00:01 09.05.2019
876,+28.2,+0,+0,+0,+0,+0,+0,+0,+0,%00000000,%00000000,+0,19:00:01 09.05.2019
877,+28.3,+0,+0,+0,+0,+0,+0,+0,+0,%00000000,%00000000,+0,20:00:01 09.05.2019
878,+28.4,+0,+0,+0,+0,+0,+0,+0,+0,%00000000,%00000000,+0,21:00:01 09.05.2019
879,+28.4,+0,+0,+0,+0,+0,+0,+0,+0,%00000000,%00000000,+0,22:00:01 09.05.2019
880,+28.4,+0,+0,+0,+0,+0,+0,+0,+0,%00000000,%00000000,+0,23:00:01 09.05.2019
881,+28.3,+0,+0,+0,+0,+0,+0,+0,+0,%00000000,%00000000,+0,00:00:01 10.05.2019
882,+28.3,+0,+0,+0,+0,+0,+0,+0,+0,%00000000,%00000000,+0,01:00:01 10.05.2019
883,+28.2,+0,+0,+0,+0,+0,+0,+0,+0,%00000000,%00000000,+0,02:00:01 10.05.2019
884,+28.2,+0,+0,+0,+0,+0,+0,+0,+0,%00000000,%00000000,+0,03:00:01 10.05.2019
885,+28.1,+0,+0,+0,+0,+0,+0,+0,+0,%00000000,%00000000,+0,04:00:01 10.05.2019
886,+28,+0,+0,+0,+0,+0,+0,+0,+0,%00000000,%00000000,+0,05:00:01 10.05.2019
887,+27.9,+0,+0,+0,+0,+0,+0,+0,+0,%00000000,%00000000,+0,06:00:01 10.05.2019
888,+27.9,+0,+0,+0,+0,+0,+0,+0,+0,%00000000,%00000000,+0,07:00:01 10.05.2019
889,+27.9,+0,+0,+0,+0,+0,+0,+0,+0,%00000000,%00000000,+0,08:00:01 10.05.2019
890,+28,+0,+0,+0,+0,+0,+0,+0,+0,%00000000,%00000000,+0,09:42:01 10.05.2019
891,+27.9,+0,+0,+0,+0,+0,+0,+0,+0,%00000000,%00000000,+0,10:42:01 10.05.2019
892,+28,+0,+0,+0,+0,+0,+0,+0,+0,%00000000,%00000000,+0,11:42:01 10.05.2019
893,+28,+0,+0,+0,+0,+0,+0,+0,+0,%00000000,%00000000,+0,12:42:01 10.05.2019
894,+28.1,+0,+0,+0,+0,+0,+0,+0,+0,%00000000,%00000000,+0,13:42:01 10.05.2019
895,+28.3,+0,+0,+0,+0,+0,+0,+0,+0,%00000000,%00000000,+0,14:42:01 10.05.2019
896,+28.6,+0,+0,+0,+0,+0,+0,+0,+0,%00000000,%00000000,+0,15:42:01 10.05.2019
897,+28.7,+0,+0,+0,+0,+0,+0,+0,+0,%00000000,%00000000,+0,16:42:01 10.05.2019
898,+28.9,+0,+0,+0,+0,+0,+0,+0,+0,%00000000,%00000000,+0,17:42:01 10.05.2019
899,+29,+0,+0,+0,+0,+0,+0,+0,+0,%00000000,%00000000,+0,18:42:01 10.05.2019
900,+29.1,+0,+0,+0,+0,+0,+0,+0,+0,%00000000,%00000000,+0,19:42:01 10.05.2019
901,+29.2,+0,+0,+0,+0,+0,+0,+0,+0,%00000000,%00000000,+0,20:42:01 10.05.2019
902,+29.3,+0,+0,+0,+0,+0,+0,+0,+0,%00000000,%00000000,+0,21:42:01 10.05.2019
903,+29.3,+0,+0,+0,+0,+0,+0,+0,+0,%00000000,%00000000,+0,22:42:01 10.05.2019
904,+29.4,+0,+0,+0,+0,+0,+0,+0,+0,%00000000,%00000000,+0,23:42:01 10.05.2019
905,+29.4,+0,+0,+0,+0,+0,+0,+0,+0,%00000000,%00000000,+0,00:42:01 11.05.2019
906,+29.3,+0,+0,+0,+0,+0,+0,+0,+0,%00000000,%00000000,+0,01:42:01 11.05.2019
907,+29.2,+0,+0,+0,+0,+0,+0,+0,+0,%00000000,%00000000,+0,02:42:01 11.05.2019
908,+29.2,+0,+0,+0,+0,+0,+0,+0,+0,%00000000,%00000000,+0,03:42:01 11.05.2019
909,+29.1,+0,+0,+0,+0,+0,+0,+0,+0,%00000000,%00000000,+0,04:42:01 11.05.2019
910,+29,+0,+0,+0,+0,+0,+0,+0,+0,%00000000,%00000000,+0,05:42:01 11.05.2019
