DataTime,t_Mach,t_H_left,t_Headst,t_H_righ,t_H_up,t_H_low,t_Liq_co,t_Senso1,t_Senso2,PLC_Byte,PLC_Byt2,PLC_VAL
2017-11-25 10:46:01,20.3,22.2,20.9,22.4,21.6,22.0,20.4,0,0,%00000000,%00000000,0
2017-11-27 09:05:01,15.2,15.2,15.0,15.3,15.1,15.2,23.1,0,0,%00000000,%00000000,0
2017-11-27 11:45:01,17.8,15.9,16.3,16.2,16.7,16.1,20.0,0,0,%00000000,%00000000,0
2017-11-27 14:21:01,20.6,17.4,18.1,17.6,18.8,17.7,22.8,0,0,%00000000,%00000000,0
2017-11-27 15:36:01,21.2,18.1,18.8,18.3,19.8,18.6,23.9,0,0,%00000000,%00000000,0
2017-11-27 16:36:01,21.4,18.5,19.1,18.7,20.2,19.1,22.0,0,0,%00000000,%00000000,0
2017-11-27 17:36:01,21.2,21.2,19.4,20.1,20.2,20.6,23.7,0,0,%00000000,%00000000,0
2017-11-28 08:17:01,18.5,18.2,18.6,18.5,18.6,18.4,18.4,0,0,%00000000,%00000000,0
2017-11-28 09:17:01,18.8,18.6,18.7,18.8,18.8,18.7,23.8,0,0,%00000000,%00000000,0
2017-11-28 10:17:01,19.2,18.7,18.8,18.9,19.0,18.8,23.7,0,0,%00000000,%00000000,0
2017-11-28 11:17:01,19.6,18.9,19.0,19.1,19.3,18.9,23.6,0,0,%00000000,%00000000,0
2017-11-28 12:19:01,20.0,19.0,19.2,19.3,19.7,19.2,22.1,0,0,%00000000,%00000000,0
2017-11-28 13:19:01,20.3,19.1,19.4,19.4,19.9,19.4,22.6,0,0,%00000000,%00000000,0
2017-11-28 14:19:01,20.7,19.4,19.6,19.6,20.2,19.6,22.5,0,0,%00000000,%00000000,0
2017-11-28 15:19:01,21.0,19.5,19.8,19.8,20.4,19.8,23.5,0,0,%00000000,%00000000,0
2017-11-28 16:19:01,21.2,19.9,20.1,20.3,20.7,20.2,23.7,0,0,%00000000,%00000000,0
2017-11-28 17:19:01,21.1,19.9,20.2,20.3,20.8,20.3,23.7,0,0,%00000000,%00000000,0
2017-11-28 18:19:01,20.9,19.9,20.2,20.3,20.8,20.4,22.6,0,0,%00000000,%00000000,0
2017-11-28 19:19:01,20.7,19.8,20.2,20.2,20.7,20.3,21.2,0,0,%00000000,%00000000,0
2017-11-28 20:19:01,20.4,19.7,20.1,20.1,20.6,20.1,23.0,0,0,%00000000,%00000000,0
2017-11-28 21:19:01,19.8,19.5,19.9,19.9,20.3,19.9,22.9,0,0,%00000000,%00000000,0
2017-11-28 22:19:01,19.2,19.3,19.6,19.7,20.0,19.6,22.0,0,0,%00000000,%00000000,0
2017-11-28 23:19:01,18.7,19.1,19.3,19.5,19.7,19.3,21.2,0,0,%00000000,%00000000,0
2017-11-29 00:19:01,18.2,18.8,19.1,19.3,19.3,18.9,20.5,0,0,%00000000,%00000000,0
2017-11-29 01:19:01,17.7,18.6,18.7,19.0,18.9,18.6,19.8,0,0,%00000000,%00000000,0
2017-11-29 02:19:01,17.2,18.3,18.4,18.7,18.5,18.3,19.2,0,0,%00000000,%00000000,0
2017-11-29 03:19:01,16.7,18.0,18.1,18.4,18.1,17.9,18.6,0,0,%00000000,%00000000,0
2017-11-29 04:19:01,16.5,17.7,17.8,18.2,17.8,17.7,18.1,0,0,%00000000,%00000000,0
2017-11-29 05:19:01,16.8,17.7,17.8,18.1,17.7,17.8,17.7,0,0,%00000000,%00000000,0
2017-11-29 06:19:01,17.2,17.7,17.9,18.1,17.9,17.9,23.9,0,0,%00000000,%00000000,0
2017-11-29 07:23:01,17.6,18.5,18.1,18.5,18.2,18.5,22.7,0,0,%00000000,%00000000,0
2017-11-29 08:26:01,18.1,18.6,18.4,18.7,18.5,18.6,21.5,0,0,%00000000,%00000000,0
2017-11-29 09:26:01,18.7,18.9,18.7,19.2,18.8,18.9,21.5,0,0,%00000000,%00000000,0
2017-11-29 10:26:01,19.1,18.8,19.0,19.2,18.9,18.8,23.0,0,0,%00000000,%00000000,0
2017-11-29 11:26:01,19.4,19.0,19.2,19.3,19.1,19.0,21.9,0,0,%00000000,%00000000,0
2017-11-29 12:27:01,19.6,19.0,19.2,19.4,19.4,19.1,23.7,0,0,%00000000,%00000000,0
2017-11-29 13:27:01,19.8,19.1,19.3,19.4,19.5,19.2,21.3,0,0,%00000000,%00000000,0
2017-11-29 14:27:01,20.0,19.5,19.5,19.8,19.7,19.6,23.9,0,0,%00000000,%00000000,0
2017-11-29 15:27:01,20.2,19.5,19.7,19.9,19.9,19.7,22.9,0,0,%00000000,%00000000,0
2017-11-29 16:27:01,20.4,19.6,19.8,19.9,20.1,19.7,22.1,0,0,%00000000,%00000000,0
2017-11-29 17:27:01,20.3,19.6,19.8,19.9,20.1,19.8,20.7,0,0,%00000000,%00000000,0
2017-11-29 18:27:01,20.1,19.6,19.8,19.9,20.1,19.9,21.1,0,0,%00000000,%00000000,0
2017-11-29 19:27:01,19.9,19.5,19.8,19.9,20.1,19.9,21.2,0,0,%00000000,%00000000,0
2017-11-29 20:27:01,19.6,19.5,19.7,19.8,20.0,19.8,21.0,0,0,%00000000,%00000000,0
2017-11-29 21:27:01,19.2,19.4,19.6,19.7,19.9,19.6,20.6,0,0,%00000000,%00000000,0
2017-11-29 22:27:01,18.8,19.2,19.4,19.5,19.7,19.4,20.1,0,0,%00000000,%00000000,0
2017-11-29 23:27:01,18.3,19.0,19.2,19.3,19.5,19.2,19.7,0,0,%00000000,%00000000,0
2017-11-30 00:27:01,17.9,18.8,18.9,19.1,19.2,18.9,19.2,0,0,%00000000,%00000000,0
2017-11-30 01:27:01,17.6,18.6,18.7,18.9,18.9,18.7,18.7,0,0,%00000000,%00000000,0
2017-11-30 02:27:01,17.3,18.4,18.5,18.7,18.7,18.4,18.3,0,0,%00000000,%00000000,0
2017-11-30 03:27:01,17.0,18.2,18.2,18.5,18.4,18.2,17.9,0,0,%00000000,%00000000,0
2017-11-30 04:27:01,17.0,18.0,18.1,18.3,18.2,18.1,17.6,0,0,%00000000,%00000000,0
2017-11-30 05:27:01,17.5,18.0,18.2,18.4,18.2,18.2,17.5,0,0,%00000000,%00000000,0
2017-11-30 06:27:01,17.9,18.1,18.3,18.4,18.3,18.2,23.6,0,0,%00000000,%00000000,0
2017-11-30 07:33:01,18.5,18.3,18.4,18.6,18.6,18.4,23.3,0,0,%00000000,%00000000,0
2017-11-30 08:35:01,18.9,19.2,18.6,18.9,19.2,19.0,23.7,0,0,%00000000,%00000000,0
2017-11-30 09:40:01,19.4,19.2,19.0,19.3,19.4,19.2,23.4,0,0,%00000000,%00000000,0
2017-11-30 10:40:01,19.7,20.3,19.4,20.4,19.7,20.2,23.5,0,0,%00000000,%00000000,0
2017-11-30 11:40:01,20.1,20.6,20.0,21.2,20.0,20.5,21.0,0,0,%00000000,%00000000,0
2017-11-30 12:57:01,20.4,20.5,20.5,21.1,20.3,20.5,21.3,0,0,%00000000,%00000000,0
2017-11-30 13:57:01,20.3,20.3,20.6,20.9,20.4,20.3,22.4,0,0,%00000000,%00000000,0
2017-11-30 15:00:01,20.7,20.4,20.7,20.8,20.7,20.4,23.9,0,0,%00000000,%00000000,0
2017-11-30 16:04:01,20.9,21.7,20.9,21.4,21.1,21.4,23.1,0,0,%00000000,%00000000,0
2017-11-30 17:04:01,20.9,22.6,21.4,22.0,23.3,22.5,21.3,0,0,%00000000,%00000000,0
2017-11-30 18:04:01,20.9,22.6,22.0,23.0,24.7,23.2,21.4,0,0,%00000000,%00000000,0
2017-11-30 19:04:01,20.8,22.1,22.1,22.5,25.7,22.6,22.4,0,0,%00000000,%00000000,0
2017-11-30 20:04:01,20.7,21.7,22.0,22.1,25.4,22.2,22.3,0,0,%00000000,%00000000,0
2017-11-30 21:04:01,20.3,21.3,21.7,21.7,24.6,21.6,23.8,0,0,%00000000,%00000000,0
2017-11-30 22:04:01,19.7,20.9,21.3,21.2,23.7,21.2,23.5,0,0,%00000000,%00000000,0
2017-11-30 23:04:01,19.2,20.5,20.9,20.8,22.9,20.7,22.8,0,0,%00000000,%00000000,0
2017-12-01 00:04:01,18.7,20.1,20.4,20.4,22.1,20.2,21.2,0,0,%00000000,%00000000,0
2017-12-01 01:04:01,18.2,19.7,20.0,19.9,21.4,19.7,20.8,0,0,%00000000,%00000000,0
2017-12-01 02:04:01,17.8,19.6,19.6,19.6,20.6,19.5,21.0,0,0,%00000000,%00000000,0
2017-12-01 03:04:01,17.4,18.9,19.2,19.2,20.0,18.9,23.3,0,0,%00000000,%00000000,0
2017-12-01 04:04:01,17.0,18.5,18.8,18.8,19.4,18.5,23.8,0,0,%00000000,%00000000,0
2017-12-01 05:04:01,17.3,18.4,18.6,18.6,19.2,18.4,23.0,0,0,%00000000,%00000000,0
2017-12-01 06:04:01,17.6,18.2,18.5,18.5,18.9,18.4,20.9,0,0,%00000000,%00000000,0
2017-12-01 07:06:01,17.8,19.3,18.7,19.1,19.1,19.2,22.4,0,0,%00000000,%00000000,0
2017-12-01 08:06:01,17.9,20.1,19.1,20.0,19.4,19.8,22.5,0,0,%00000000,%00000000,0
2017-12-01 09:06:01,18.3,20.7,19.7,20.7,20.3,20.4,23.7,0,0,%00000000,%00000000,0
2017-12-01 10:09:01,18.7,20.1,20.1,20.3,20.7,20.1,22.9,0,0,%00000000,%00000000,0
2017-12-01 11:10:01,19.0,20.0,20.1,20.2,20.6,20.0,21.4,0,0,%00000000,%00000000,0
2017-12-01 12:10:01,19.8,22.5,20.3,20.7,24.9,22.3,23.9,0,0,%00000000,%00000000,0
2017-12-01 13:10:01,20.7,30.5,24.7,24.4,31.6,27.7,23.2,0,0,%00000000,%00000000,0
2017-12-01 14:10:01,21.3,28.0,28.0,26.4,29.3,27.7,24.6,0,0,%00000000,%00000000,0
2017-12-01 15:10:01,21.8,25.1,27.3,26.1,26.7,25.6,24.6,0,0,%00000000,%00000000,0
2017-12-01 16:11:01,22.1,24.1,25.9,25.3,25.3,24.6,21.7,0,0,%00000000,%00000000,0
2017-12-02 10:29:01,18.4,20.6,18.4,19.2,18.2,19.4,23.1,0,0,%00000000,%00000000,0
2017-12-02 11:38:01,19.2,20.2,19.3,20.4,19.0,19.7,22.7,0,0,%00000000,%00000000,0
2017-12-02 12:38:01,19.3,19.8,19.7,20.2,19.2,19.4,21.7,0,0,%00000000,%00000000,0
2017-12-02 13:38:01,19.0,19.7,19.7,20.0,19.3,19.3,21.1,0,0,%00000000,%00000000,0
2017-12-02 14:38:01,18.8,19.5,19.6,19.8,19.2,19.2,20.6,0,0,%00000000,%00000000,0
2017-12-02 15:38:01,18.4,19.3,19.4,19.6,19.2,19.0,20.1,0,0,%00000000,%00000000,0
2017-12-02 16:38:01,18.0,19.1,19.2,19.3,19.0,18.8,19.6,0,0,%00000000,%00000000,0
2017-12-02 17:38:01,17.6,18.8,18.9,19.1,18.8,18.6,19.1,0,0,%00000000,%00000000,0
2017-12-02 18:38:01,17.1,18.6,18.6,18.8,18.5,18.3,18.6,0,0,%00000000,%00000000,0
2017-12-02 19:38:01,16.7,18.3,18.3,18.5,18.2,18.0,18.1,0,0,%00000000,%00000000,0
2017-12-02 20:38:01,16.3,18.0,18.0,18.2,17.9,17.7,17.6,0,0,%00000000,%00000000,0
2017-12-02 21:38:01,15.9,17.7,17.7,17.9,17.6,17.4,17.2,0,0,%00000000,%00000000,0
2017-12-02 22:38:01,15.5,17.4,17.4,17.6,17.3,17.1,16.7,0,0,%00000000,%00000000,0
2017-12-02 23:38:01,15.1,17.1,17.1,17.2,17.0,16.8,16.3,0,0,%00000000,%00000000,0
2017-12-03 00:38:01,14.8,16.8,16.8,17.0,16.7,16.5,15.9,0,0,%00000000,%00000000,0
2017-12-03 01:38:01,14.5,16.5,16.5,16.7,16.3,16.2,15.5,0,0,%00000000,%00000000,0
2017-12-03 02:38:01,14.2,16.2,16.1,16.3,16.0,15.9,15.1,0,0,%00000000,%00000000,0
2017-12-03 03:38:01,13.8,15.9,15.8,16.0,15.7,15.6,14.8,0,0,%00000000,%00000000,0
2017-12-03 04:38:01,13.5,15.6,15.5,15.7,15.4,15.3,14.5,0,0,%00000000,%00000000,0
2017-12-03 05:38:01,13.2,15.3,15.2,15.5,15.1,15.0,14.2,0,0,%00000000,%00000000,0
2017-12-03 06:38:01,13.0,15.0,15.0,15.2,14.8,14.7,13.8,0,0,%00000000,%00000000,0
2017-12-03 07:38:01,12.7,14.7,14.7,14.9,14.5,14.5,13.5,0,0,%00000000,%00000000,0
2017-12-03 08:38:01,12.5,14.5,14.4,14.6,14.2,14.2,13.3,0,0,%00000000,%00000000,0
2017-12-03 09:38:01,12.5,14.2,14.2,14.5,14.0,14.1,13.1,0,0,%00000000,%00000000,0
2017-12-03 10:38:01,12.7,14.2,14.2,14.4,13.9,14.0,13.0,0,0,%00000000,%00000000,0
2017-12-03 11:38:01,13.2,14.2,14.2,14.4,13.8,14.0,13.1,0,0,%00000000,%00000000,0
2017-12-03 12:38:01,13.8,14.2,14.4,14.5,13.9,14.1,13.2,0,0,%00000000,%00000000,0
2017-12-03 13:38:01,14.5,14.4,14.6,14.6,14.1,14.2,13.3,0,0,%00000000,%00000000,0
2017-12-03 14:38:01,15.0,14.5,14.8,14.8,14.3,14.4,13.5,0,0,%00000000,%00000000,0
2017-12-03 15:38:01,15.1,14.7,14.9,14.9,14.5,14.5,13.8,0,0,%00000000,%00000000,0
2017-12-03 16:38:01,15.0,14.7,14.8,14.9,14.5,14.6,14.0,0,0,%00000000,%00000000,0
2017-12-03 17:38:01,15.4,14.7,14.9,15.0,14.7,14.7,14.1,0,0,%00000000,%00000000,0
2017-12-03 18:38:01,16.2,14.9,15.2,15.2,15.2,15.0,14.3,0,0,%00000000,%00000000,0
2017-12-03 19:38:01,16.9,15.1,15.5,15.5,15.6,15.3,14.5,0,0,%00000000,%00000000,0
2017-12-03 20:38:01,17.4,15.4,15.7,15.7,16.0,15.6,14.7,0,0,%00000000,%00000000,0
2017-12-03 21:38:01,17.7,15.6,16.0,16.0,16.3,15.8,14.9,0,0,%00000000,%00000000,0
2017-12-03 22:38:01,17.9,15.8,16.2,16.2,16.6,16.1,15.1,0,0,%00000000,%00000000,0
2017-12-03 23:38:01,18.1,16.0,16.4,16.4,16.9,16.4,15.3,0,0,%00000000,%00000000,0
2017-12-04 00:38:01,18.2,16.2,16.6,16.6,17.1,16.6,15.5,0,0,%00000000,%00000000,0
2017-12-04 01:38:01,18.3,16.3,16.8,16.7,17.3,16.8,15.7,0,0,%00000000,%00000000,0
2017-12-04 02:38:01,18.4,16.5,16.9,16.9,17.5,17.0,15.8,0,0,%00000000,%00000000,0
2017-12-04 03:38:01,18.4,16.6,17.1,17.0,17.6,17.1,15.9,0,0,%00000000,%00000000,0
2017-12-04 04:38:01,18.5,16.8,17.2,17.2,17.7,17.3,16.0,0,0,%00000000,%00000000,0
2017-12-04 05:38:01,18.5,16.9,17.3,17.3,17.8,17.4,16.1,0,0,%00000000,%00000000,0
2017-12-04 06:38:01,18.5,17.0,17.4,17.4,17.9,17.5,16.2,0,0,%00000000,%00000000,0
2017-12-04 07:38:01,18.5,17.1,17.4,17.4,18.0,17.6,22.3,0,0,%00000000,%00000000,0
2017-12-04 08:38:01,18.7,18.9,17.6,17.6,18.1,18.0,21.4,0,0,%00000000,%00000000,0
2017-12-04 09:38:01,19.2,17.7,18.0,18.2,18.5,18.2,23.7,0,0,%00000000,%00000000,0
2017-12-04 10:38:01,19.7,18.0,18.5,18.7,18.9,18.3,23.5,0,0,%00000000,%00000000,0
2017-12-04 11:38:01,20.2,18.4,18.9,18.9,19.3,18.7,23.2,0,0,%00000000,%00000000,0
2017-12-04 12:38:01,20.9,19.5,19.3,19.7,19.8,19.5,23.1,0,0,%00000000,%00000000,0
2017-12-04 13:38:01,21.6,20.2,19.9,20.0,20.3,19.9,18.4,0,0,%00000000,%00000000,0
2017-12-04 14:38:01,22.1,21.1,20.4,21.1,20.8,20.8,21.5,0,0,%00000000,%00000000,0
2017-12-04 15:38:01,22.4,21.9,21.0,21.9,20.9,21.5,24.2,0,0,%00000000,%00000000,0
2017-12-04 16:38:01,22.5,22.4,21.6,23.1,21.2,22.2,21.6,0,0,%00000000,%00000000,0
2017-12-04 17:40:01,22.0,22.3,21.8,22.9,21.4,22.2,24.3,0,0,%00000000,%00000000,0
2017-12-04 18:47:01,21.5,22.1,21.9,22.8,21.4,22.1,21.9,0,0,%00000000,%00000000,0
2017-12-04 19:47:01,21.1,21.5,21.8,22.4,21.5,21.7,22.3,0,0,%00000000,%00000000,0
2017-12-04 20:47:01,20.4,21.1,21.5,21.7,21.4,21.3,21.9,0,0,%00000000,%00000000,0
2017-12-04 21:47:01,19.7,20.6,21.1,21.2,21.1,20.8,22.9,0,0,%00000000,%00000000,0
2017-12-04 22:47:01,18.9,20.2,20.6,20.6,20.8,20.4,21.2,0,0,%00000000,%00000000,0
2017-12-04 23:47:01,18.3,19.7,20.1,20.1,20.3,19.9,22.8,0,0,%00000000,%00000000,0
2017-12-05 00:47:01,18.5,19.4,19.8,19.8,20.1,19.7,21.7,0,0,%00000000,%00000000,0
2017-12-05 01:47:01,18.9,19.3,19.7,19.7,19.9,19.7,21.1,0,0,%00000000,%00000000,0
2017-12-05 02:47:01,19.1,19.3,19.6,19.6,19.9,19.6,21.6,0,0,%00000000,%00000000,0
2017-12-05 03:47:01,19.3,19.2,19.5,19.6,19.8,19.6,22.5,0,0,%00000000,%00000000,0
2017-12-05 04:47:01,19.4,19.2,19.5,19.5,19.8,19.5,23.6,0,0,%00000000,%00000000,0
2017-12-05 05:47:01,19.5,19.1,19.4,19.5,19.8,19.5,23.1,0,0,%00000000,%00000000,0
2017-12-05 06:47:01,19.5,19.0,19.4,19.4,19.8,19.5,23.4,0,0,%00000000,%00000000,0
2017-12-05 07:48:01,19.5,19.0,19.4,19.4,19.8,19.5,23.0,0,0,%00000000,%00000000,0
2017-12-05 08:53:01,19.7,19.1,19.4,19.5,19.8,19.5,23.7,0,0,%00000000,%00000000,0
2017-12-05 09:55:01,19.7,21.1,19.7,20.5,19.9,20.6,24.1,0,0,%00000000,%00000000,0
2017-12-05 10:55:01,20.1,21.5,20.4,21.6,20.4,21.3,23.0,0,0,%00000000,%00000000,0
2017-12-05 11:55:01,20.6,21.8,21.0,21.9,20.9,21.6,20.1,0,0,%00000000,%00000000,0
2017-12-05 12:56:01,20.8,21.6,21.3,21.9,21.1,21.4,22.0,0,0,%00000000,%00000000,0
2017-12-05 13:56:01,21.3,21.5,21.6,21.8,21.3,21.4,22.8,0,0,%00000000,%00000000,0
2017-12-05 14:56:01,21.3,21.5,21.7,21.8,21.4,21.5,22.4,0,0,%00000000,%00000000,0
2017-12-05 16:06:01,20.8,21.3,21.5,21.6,21.4,21.3,23.5,0,0,%00000000,%00000000,0
2019-03-27 18:47:01,23.0,20.0,20.5,20.8,20.9,22.8,22.6,0,0,%00000000,%00000000,0
2019-03-27 19:43:01,22.9,20.0,20.5,20.7,20.8,22.7,22.5,0,0,%00000000,%00000000,0
2019-03-27 20:43:01,22.8,20.3,20.8,20.6,20.7,22.7,22.5,0,0,%00000000,%00000000,0
2019-03-27 21:43:01,22.6,20.4,21.2,20.6,20.7,22.8,22.5,0,0,%00000000,%00000000,0
2019-03-27 22:43:01,22.3,20.5,21.8,20.6,20.7,22.8,22.5,0,0,%00000000,%00000000,0
2019-03-27 23:43:01,22.1,20.6,22.1,20.7,20.7,22.9,22.6,0,0,%00000000,%00000000,0
2019-03-28 00:43:01,21.8,20.7,22.4,20.8,20.9,23.0,22.7,0,0,%00000000,%00000000,0
2019-03-28 01:43:01,21.6,20.7,22.5,21.0,21.0,23.1,22.8,0,0,%00000000,%00000000,0
2019-03-28 02:43:01,21.3,20.9,22.6,21.1,21.1,23.2,22.8,0,0,%00000000,%00000000,0
2019-03-28 03:43:01,21.1,20.9,22.7,21.2,21.3,23.3,22.9,0,0,%00000000,%00000000,0
2019-03-28 04:43:01,20.8,20.9,22.7,21.4,21.4,23.3,23.0,0,0,%00000000,%00000000,0
2019-03-28 05:43:01,20.6,20.8,22.7,21.4,21.5,23.4,23.1,0,0,%00000000,%00000000,0
2019-03-28 06:43:01,20.5,20.8,22.6,21.5,21.6,23.5,23.1,0,0,%00000000,%00000000,0
2019-03-28 07:43:01,20.5,20.7,22.4,21.5,21.6,23.5,23.2,0,0,%00000000,%00000000,0
2019-03-28 08:43:01,20.6,20.7,22.3,21.5,21.6,23.5,23.2,0,0,%00000000,%00000000,0
2019-03-28 09:43:01,20.7,20.6,22.0,21.5,21.6,23.4,23.2,0,0,%00000000,%00000000,0
2019-03-28 10:43:01,21.1,20.5,21.8,21.4,21.5,23.4,23.1,0,0,%00000000,%00000000,0
2019-03-28 11:43:01,21.7,20.4,21.6,21.4,21.5,23.3,23.1,0,0,%00000000,%00000000,0
2019-03-28 12:43:01,21.9,20.3,21.4,21.3,21.4,23.3,23.0,0,0,%00000000,%00000000,0
2019-03-28 14:06:01,22.5,20.3,21.2,21.2,21.3,23.2,23.0,0,0,%00000000,%00000000,0
2019-03-28 15:14:01,23.3,20.2,21.1,21.1,21.2,23.1,22.9,0,0,%00000000,%00000000,0
2019-03-28 16:33:01,23.6,20.2,20.9,21.0,21.1,23.0,22.8,0,0,%00000000,%00000000,0
2019-03-28 17:37:01,23.6,20.1,20.8,20.9,21.0,23.0,22.8,0,0,%00000000,%00000000,0
2019-03-28 18:37:01,23.6,20.0,20.7,20.7,20.9,22.8,22.7,0,0,%00000000,%00000000,0
2019-03-28 19:37:01,23.5,19.9,20.5,20.6,20.8,22.7,22.5,0,0,%00000000,%00000000,0
2019-03-28 20:37:01,23.3,19.9,20.6,20.5,20.7,22.6,22.4,0,0,%00000000,%00000000,0
2019-03-28 21:39:01,23.2,19.9,20.6,20.4,20.6,22.5,22.3,0,0,%00000000,%00000000,0
2019-03-28 22:44:01,23.0,19.9,20.5,20.3,20.4,22.4,22.3,0,0,%00000000,%00000000,0
2019-03-28 23:44:01,22.7,19.8,20.3,20.2,20.3,22.4,22.2,0,0,%00000000,%00000000,0
2019-03-29 00:44:01,22.5,19.8,20.6,20.1,20.2,22.3,22.1,0,0,%00000000,%00000000,0
2019-03-29 01:44:01,22.2,19.8,20.7,20.1,20.2,22.3,22.0,0,0,%00000000,%00000000,0
2019-03-29 02:44:01,21.9,19.9,20.8,20.0,20.1,22.2,22.0,0,0,%00000000,%00000000,0
2019-03-29 03:45:01,21.7,19.9,20.9,20.0,20.1,22.2,22.0,0,0,%00000000,%00000000,0
2019-03-29 04:50:01,21.4,19.9,20.9,20.0,20.1,22.2,22.0,0,0,%00000000,%00000000,0
2019-03-29 05:50:01,21.2,19.9,20.9,19.9,20.1,22.2,22.0,0,0,%00000000,%00000000,0
2019-03-29 06:50:01,21.0,19.9,20.8,19.9,20.1,22.2,22.0,0,0,%00000000,%00000000,0
2019-03-29 08:33:01,20.9,19.8,20.8,19.9,20.0,22.2,21.9,0,0,%00000000,%00000000,0
2019-03-29 09:34:01,21.2,19.8,20.8,19.9,20.0,22.1,21.9,0,0,%00000000,%00000000,0
2019-03-29 10:39:01,21.6,19.8,20.6,19.8,20.0,22.1,21.9,0,0,%00000000,%00000000,0
2019-03-29 11:43:01,22.3,19.8,20.7,19.8,19.9,22.1,21.9,0,0,%00000000,%00000000,0
2019-03-29 12:46:01,22.8,19.8,20.7,19.8,19.9,22.0,21.8,0,0,%00000000,%00000000,0
2019-03-29 13:46:01,23.2,19.7,20.5,19.7,19.9,22.0,21.8,0,0,%00000000,%00000000,0
2019-03-29 14:46:01,23.8,19.7,20.5,19.7,19.9,22.0,21.8,0,0,%00000000,%00000000,0
2019-03-29 15:47:01,24.2,19.7,20.5,19.7,19.8,22.0,21.7,0,0,%00000000,%00000000,0
2019-03-29 17:48:01,24.1,19.7,20.5,19.6,19.8,21.9,21.7,0,0,%00000000,%00000000,0
2019-03-29 18:48:01,24.0,19.7,20.4,19.6,19.7,21.9,21.7,0,0,%00000000,%00000000,0
2019-03-29 19:48:01,23.8,19.6,20.2,19.5,19.7,21.8,21.6,0,0,%00000000,%00000000,0
2019-03-29 20:48:01,23.7,19.6,20.3,19.5,19.7,21.8,21.6,0,0,%00000000,%00000000,0
2019-03-29 21:48:01,23.5,19.5,20.2,19.4,19.6,21.7,21.5,0,0,%00000000,%00000000,0
2019-03-29 22:48:01,23.2,19.5,20.2,19.4,19.6,21.7,21.5,0,0,%00000000,%00000000,0
2019-03-29 23:48:01,22.9,19.7,20.2,19.4,19.5,21.7,21.4,0,0,%00000000,%00000000,0
2019-03-30 00:48:01,22.5,19.8,20.5,19.4,19.5,21.7,21.4,0,0,%00000000,%00000000,0
2019-03-30 01:48:01,22.2,19.9,20.9,19.4,19.6,21.8,21.5,0,0,%00000000,%00000000,0
2019-03-30 02:48:01,21.9,20.0,21.2,19.5,19.6,21.9,21.6,0,0,%00000000,%00000000,0
2019-03-30 03:48:01,21.6,20.1,21.4,19.6,19.7,22.0,21.7,0,0,%00000000,%00000000,0
2019-03-30 04:48:01,21.3,20.1,21.5,19.7,19.9,22.2,21.8,0,0,%00000000,%00000000,0
2019-03-30 05:48:01,21.0,20.2,21.6,19.9,19.9,22.3,22.0,0,0,%00000000,%00000000,0
2019-03-30 06:48:01,20.7,20.2,21.4,19.9,20.0,22.4,22.0,0,0,%00000000,%00000000,0
2019-03-30 07:48:01,20.5,20.1,21.4,20.0,20.1,22.5,22.1,0,0,%00000000,%00000000,0
2019-03-30 08:48:01,20.3,20.1,21.3,20.0,20.2,22.5,22.1,0,0,%00000000,%00000000,0
2019-03-30 09:48:01,20.6,20.0,21.1,20.1,20.2,22.5,22.2,0,0,%00000000,%00000000,0
2019-03-30 10:48:01,21.0,20.0,20.9,20.1,20.2,22.4,22.1,0,0,%00000000,%00000000,0
2019-03-30 11:48:01,21.5,19.9,20.8,20.0,20.2,22.4,22.1,0,0,%00000000,%00000000,0
2019-03-30 12:48:01,22.1,19.9,20.7,20.0,20.1,22.3,22.1,0,0,%00000000,%00000000,0
2019-03-30 13:48:01,22.8,19.9,20.6,19.9,20.1,22.3,22.0,0,0,%00000000,%00000000,0
2019-03-30 14:48:01,23.3,19.8,20.5,19.9,20.0,22.2,22.0,0,0,%00000000,%00000000,0
2019-03-30 15:48:01,23.8,19.8,20.5,19.9,20.0,22.2,22.0,0,0,%00000000,%00000000,0
2019-03-30 16:48:01,24.0,19.7,20.4,19.8,19.9,22.1,21.9,0,0,%00000000,%00000000,0
2019-03-30 17:48:01,24.1,19.7,20.4,19.7,19.9,22.0,21.8,0,0,%00000000,%00000000,0
2019-03-30 18:48:01,24.1,19.7,20.4,19.7,19.9,22.0,21.8,0,0,%00000000,%00000000,0
2019-03-30 19:48:01,23.8,19.7,20.2,19.6,19.8,21.9,21.7,0,0,%00000000,%00000000,0
2019-03-30 20:48:01,23.6,19.6,20.2,19.6,19.7,21.9,21.7,0,0,%00000000,%00000000,0
2019-03-30 21:48:01,23.4,19.6,20.2,19.5,19.7,21.8,21.6,0,0,%00000000,%00000000,0
2019-03-30 22:48:01,23.1,20.2,20.9,19.6,19.7,22.0,21.7,0,0,%00000000,%00000000,0
2019-03-30 23:48:01,22.9,20.1,20.9,19.6,19.8,22.0,21.8,0,0,%00000000,%00000000,0
2019-03-31 00:48:01,22.6,20.0,20.9,19.7,19.8,22.1,21.9,0,0,%00000000,%00000000,0
2019-03-31 01:48:01,22.3,20.0,20.2,19.8,19.9,22.1,21.9,0,0,%00000000,%00000000,0
2019-03-31 03:48:01,22.0,20.1,20.7,19.8,19.9,22.2,21.9,0,0,%00000000,%00000000,0
2019-03-31 04:48:01,21.6,20.2,21.0,19.9,20.0,22.3,22.0,0,0,%00000000,%00000000,0
2019-03-31 05:48:01,21.3,20.4,21.4,20.2,20.3,22.2,22.0,0,0,%00000000,%00000000,0
2019-03-31 06:48:01,21.0,19.6,19.9,19.4,19.6,20.1,20.1,0,0,%00000000,%00000000,0
2019-03-31 07:48:01,20.7,20.0,20.5,19.6,19.7,20.4,20.4,0,0,%00000000,%00000000,0
2019-03-31 08:48:01,20.5,20.1,20.4,19.7,19.8,20.7,20.7,0,0,%00000000,%00000000,0
2019-03-31 09:48:01,20.4,20.4,21.1,19.9,20.0,21.2,21.0,0,0,%00000000,%00000000,0
2019-03-31 10:48:01,20.7,20.6,21.3,20.2,20.2,21.6,21.3,0,0,%00000000,%00000000,0
2019-03-31 11:48:01,21.0,20.8,21.5,20.4,20.5,22.0,21.6,0,0,%00000000,%00000000,0
2019-03-31 12:48:01,21.6,20.9,21.7,20.7,20.7,22.3,21.8,0,0,%00000000,%00000000,0
2019-03-31 13:48:01,22.3,20.8,21.5,20.9,20.9,22.6,22.1,0,0,%00000000,%00000000,0
2019-03-31 14:48:01,22.9,20.7,21.4,20.9,21.0,22.8,22.3,0,0,%00000000,%00000000,0
2019-03-31 15:48:01,23.5,20.5,21.2,21.0,21.1,22.8,22.4,0,0,%00000000,%00000000,0
2019-03-31 16:48:01,24.0,20.4,21.1,21.0,21.1,22.8,22.5,0,0,%00000000,%00000000,0
2019-03-31 17:48:01,24.3,20.3,21.0,21.0,21.1,22.8,22.5,0,0,%00000000,%00000000,0
2019-03-31 18:48:01,24.4,20.2,20.8,20.9,21.1,22.8,22.6,0,0,%00000000,%00000000,0
2019-03-31 19:48:01,24.4,20.1,20.5,20.9,21.0,22.8,22.6,0,0,%00000000,%00000000,0
2019-03-31 20:48:01,24.2,20.0,20.4,20.8,21.0,22.7,22.5,0,0,%00000000,%00000000,0
2019-03-31 21:48:01,24.0,19.9,20.2,20.7,20.9,22.6,22.5,0,0,%00000000,%00000000,0
2019-03-31 22:48:01,23.8,19.8,20.1,20.5,20.8,22.5,22.4,0,0,%00000000,%00000000,0
2019-03-31 23:48:01,23.5,19.7,20.0,20.4,20.7,22.3,22.3,0,0,%00000000,%00000000,0
2019-04-01 00:48:01,23.2,19.6,19.8,20.2,20.5,22.2,22.2,0,0,%00000000,%00000000,0
2019-04-01 01:48:01,22.9,19.5,19.7,20.1,20.4,22.1,22.0,0,0,%00000000,%00000000,0
2019-04-01 02:48:01,22.6,19.4,19.5,19.9,20.2,21.9,21.9,0,0,%00000000,%00000000,0
2019-04-01 03:48:01,22.3,19.4,19.8,19.8,20.1,21.8,21.8,0,0,%00000000,%00000000,0
2019-04-01 04:48:01,22.0,19.6,20.0,19.8,20.1,21.8,21.9,0,0,%00000000,%00000000,0
2019-04-01 05:48:01,21.7,20.6,20.1,20.0,20.1,21.8,21.7,0,0,%00000000,%00000000,0
2019-04-01 06:48:01,21.5,20.9,20.9,20.2,20.2,21.8,21.7,0,0,%00000000,%00000000,0
2019-04-01 09:03:01,21.3,21.2,21.5,20.5,20.3,21.9,21.8,0,0,%00000000,%00000000,0
2019-04-01 10:03:01,21.7,21.1,21.7,20.6,20.5,22.0,21.9,0,0,%00000000,%00000000,0
2019-04-01 11:03:01,22.3,21.0,21.7,20.7,20.6,22.1,21.9,0,0,%00000000,%00000000,0
2019-04-01 12:03:01,23.0,21.0,21.6,20.8,20.8,22.2,21.9,0,0,%00000000,%00000000,0
2019-04-01 13:03:01,23.6,20.8,21.3,20.8,20.9,22.3,22.0,0,0,%00000000,%00000000,0
2019-04-01 14:03:01,24.3,17.7,19.0,17.4,17.5,17.6,17.6,0,0,%00000000,%00000000,0
2019-04-01 15:03:01,24.9,18.4,19.3,17.5,17.6,17.7,17.7,0,0,%00000000,%00000000,0
2019-04-01 16:03:01,25.4,19.2,20.0,17.8,17.9,18.0,17.9,0,0,%00000000,%00000000,0
2019-04-01 17:03:01,25.7,19.6,19.6,18.0,18.1,18.3,18.1,0,0,%00000000,%00000000,0
2019-04-01 18:03:01,25.7,20.0,20.6,18.3,18.4,18.7,18.4,0,0,%00000000,%00000000,0
2019-04-01 19:03:01,25.6,20.3,21.1,18.6,18.7,19.1,18.6,0,0,%00000000,%00000000,0
2019-04-01 20:03:01,25.4,20.6,21.2,18.9,19.0,19.4,18.9,0,0,%00000000,%00000000,0
2019-04-01 21:03:01,24.6,20.5,20.9,19.2,19.3,19.8,19.2,0,0,%00000000,%00000000,0
2019-04-01 22:03:01,24.5,0.0,23.0,0.0,23.1,0.0,30.8,0,0,%00000000,%00000000,0
2019-04-01 23:03:01,24.3,0.0,23.0,0.0,23.0,0.0,30.9,0,0,%00000000,%00000000,0
2019-04-02 00:03:01,24.1,0.0,23.0,0.0,22.9,0.0,31.1,0,0,%00000000,%00000000,0
2019-04-02 01:03:01,23.9,0.0,23.0,0.0,23.0,0.0,31.2,0,0,%00000000,%00000000,0
2019-04-02 02:03:01,23.7,0.0,23.0,0.0,23.2,0.0,31.4,0,0,%00000000,%00000000,0
2019-04-02 03:03:01,23.4,0.0,23.0,0.0,23.5,0.0,30.2,0,0,%00000000,%00000000,0
2019-04-02 04:03:01,23.2,0.0,23.0,0.0,24.0,0.0,30.6,0,0,%00000000,%00000000,0
2019-04-02 05:03:01,22.9,0.0,23.0,0.0,24.5,0.0,31.3,0,0,%00000000,%00000000,0
2019-04-02 06:03:01,22.7,0.0,23.0,0.0,25.0,0.0,30.4,0,0,%00000000,%00000000,0
2019-04-02 07:03:01,22.6,0.0,23.0,0.0,25.4,0.0,29.0,0,0,%00000000,%00000000,0
2019-04-02 08:04:01,22.5,0.0,23.0,0.0,25.8,0.0,29.7,0,0,%00000000,%00000000,0
2019-04-02 09:04:01,22.7,0.0,23.0,0.0,26.1,0.0,29.9,0,0,%00000000,%00000000,0
2019-04-02 10:04:01,23.0,0.0,23.0,0.0,26.2,0.0,30.9,0,0,%00000000,%00000000,0
2019-04-02 11:04:01,23.3,0.0,23.0,0.0,24.6,0.0,31.2,0,0,%00000000,%00000000,0
2019-04-02 12:04:01,23.5,0.0,23.0,0.0,24.2,0.0,31.3,0,0,%00000000,%00000000,0
2019-04-02 14:04:01,23.7,0.0,23.0,0.0,24.7,0.0,32.0,0,0,%00000000,%00000000,0
2019-04-02 15:04:01,24.1,0.0,23.0,0.0,25.1,0.0,32.4,0,0,%00000000,%00000000,0
2019-04-02 16:04:01,24.5,0.0,23.0,0.0,25.6,0.0,31.3,0,0,%00000000,%00000000,0
2019-04-02 17:04:01,24.6,0.0,23.0,0.0,26.1,0.0,32.3,0,0,%00000000,%00000000,0
2019-04-02 18:04:01,24.6,0.0,23.0,0.0,26.7,0.0,32.7,0,0,%00000000,%00000000,0
2019-04-02 19:04:01,24.7,0.0,23.0,0.0,26.9,0.0,32.4,0,0,%00000000,%00000000,0
2019-04-02 20:04:01,24.6,0.0,23.0,0.0,27.0,0.0,33.1,0,0,%00000000,%00000000,0
2019-04-02 21:04:01,24.6,0.0,23.0,0.0,27.1,0.0,33.6,0,0,%00000000,%00000000,0
2019-04-02 22:04:01,24.4,0.0,23.0,0.0,26.0,0.0,31.2,0,0,%00000000,%00000000,0
2019-04-02 23:04:01,24.3,0.0,23.0,0.0,25.2,0.0,31.7,0,0,%00000000,%00000000,0
2019-04-03 00:04:01,24.1,0.0,23.0,0.0,25.1,0.0,31.8,0,0,%00000000,%00000000,0
2019-04-03 01:04:01,23.9,0.0,23.0,0.0,25.2,0.0,32.2,0,0,%00000000,%00000000,0
2019-04-03 02:04:01,23.7,0.0,23.0,0.0,25.3,0.0,32.6,0,0,%00000000,%00000000,0
2019-04-03 06:04:01,23.0,0.0,23.0,0.0,26.5,0.0,33.7,0,0,%00000000,%00000000,0
2019-04-03 07:04:01,22.9,0.0,23.0,0.0,25.4,0.0,31.9,0,0,%00000000,%00000000,0
2019-04-03 08:04:01,22.9,0.0,23.0,0.0,25.0,0.0,32.1,0,0,%00000000,%00000000,0
2019-04-03 09:06:01,23.0,0.0,23.0,0.0,24.5,0.0,32.1,0,0,%00000000,%00000000,0
2019-04-03 10:06:01,23.3,0.0,23.0,0.0,24.2,0.0,32.0,0,0,%00000000,%00000000,0
2019-04-03 11:06:01,23.5,0.0,23.0,0.0,24.3,0.0,32.2,0,0,%00000000,%00000000,0
2019-04-03 12:06:01,23.8,0.0,23.0,0.0,24.7,0.0,32.2,0,0,%00000000,%00000000,0
2019-04-03 13:06:01,24.2,0.0,23.0,0.0,25.1,0.0,32.2,0,0,%00000000,%00000000,0
2019-04-03 15:06:01,24.5,0.0,23.0,0.0,23.8,0.0,31.2,0,0,%00000000,%00000000,0
2019-04-03 16:06:01,24.7,0.0,23.0,0.0,23.6,0.0,32.1,0,0,%00000000,%00000000,0
2019-04-03 17:06:01,24.7,0.0,23.0,0.0,23.5,0.0,32.8,0,0,%00000000,%00000000,0
2019-04-03 18:06:01,24.6,0.0,23.0,0.0,23.3,0.0,31.6,0,0,%00000000,%00000000,0
2019-04-03 19:06:01,24.5,0.0,23.0,0.0,23.8,0.0,31.9,0,0,%00000000,%00000000,0
2019-04-03 20:06:01,24.3,0.0,23.0,0.0,24.3,0.0,32.3,0,0,%00000000,%00000000,0
2019-04-04 00:06:01,23.6,0.0,23.0,0.0,26.8,0.0,35.3,0,0,%00000000,%00000000,0
2019-04-04 01:06:01,23.4,0.0,23.0,0.0,27.0,0.0,31.1,0,0,%00000000,%00000000,0
2019-04-04 02:06:01,23.3,0.0,23.0,0.0,25.0,0.0,29.6,0,0,%00000000,%00000000,0
2019-04-04 03:06:01,23.1,0.0,23.0,0.0,24.7,0.0,29.5,0,0,%00000000,%00000000,0
2019-04-04 08:06:01,22.7,0.0,23.0,0.0,25.5,0.0,29.5,0,0,%00000000,%00000000,0
2019-04-04 09:06:01,22.7,0.0,23.0,0.0,27.0,0.0,29.6,0,0,%00000000,%00000000,0
2019-04-04 10:06:01,22.8,0.0,23.0,0.0,27.6,0.0,28.7,0,0,%00000000,%00000000,0
2019-04-04 11:06:01,22.9,0.0,23.0,0.0,28.2,0.0,30.0,0,0,%00000000,%00000000,0
2019-04-04 12:06:01,23.1,0.0,23.0,0.0,28.6,0.0,30.9,0,0,%00000000,%00000000,0
2019-04-04 13:06:01,23.2,0.0,23.0,0.0,28.7,0.0,31.5,0,0,%00000000,%00000000,0
2019-04-04 14:06:01,23.5,0.0,23.0,0.0,26.1,0.0,30.1,0,0,%00000000,%00000000,0
2019-04-04 15:06:01,24.0,0.0,23.0,0.0,25.0,0.0,28.4,0,0,%00000000,%00000000,0
2019-04-04 16:06:01,24.1,0.0,23.0,0.0,24.9,0.0,29.2,0,0,%00000000,%00000000,0
2019-04-04 17:06:01,24.0,0.0,23.0,0.0,25.1,0.0,28.9,0,0,%00000000,%00000000,0
2019-04-04 18:06:01,23.8,0.0,23.0,0.0,25.3,0.0,31.9,0,0,%00000000,%00000000,0
2019-04-04 19:06:01,23.6,0.0,23.0,0.0,25.8,0.0,33.9,0,0,%00000000,%00000000,0
2019-04-04 20:06:01,23.4,0.0,23.0,0.0,26.6,0.0,32.5,0,0,%00000000,%00000000,0
2019-04-04 21:06:01,23.3,0.0,23.0,0.0,27.3,0.0,32.2,0,0,%00000000,%00000000,0
2019-04-04 22:06:01,23.0,0.0,23.0,0.0,28.0,0.0,27.6,0,0,%00000000,%00000000,0
2019-04-04 23:06:01,22.8,0.0,23.0,0.0,24.6,0.0,29.0,0,0,%00000000,%00000000,0
2019-04-05 00:06:01,22.6,0.0,23.0,0.0,24.1,0.0,33.0,0,0,%00000000,%00000000,0
2019-04-05 01:06:01,22.4,0.0,23.0,0.0,23.9,0.0,31.9,0,0,%00000000,%00000000,0
2019-04-05 02:06:01,22.3,0.0,23.0,0.0,24.1,0.0,30.6,0,0,%00000000,%00000000,0
2019-04-05 03:06:01,22.1,0.0,23.0,0.0,24.3,0.0,28.5,0,0,%00000000,%00000000,0
2019-04-05 04:06:01,22.0,0.0,23.0,0.0,24.6,0.0,28.8,0,0,%00000000,%00000000,0
2019-04-05 05:06:01,21.9,0.0,23.0,0.0,25.0,0.0,29.1,0,0,%00000000,%00000000,0
2019-04-05 06:06:01,21.9,0.0,23.0,0.0,25.3,0.0,29.5,0,0,%00000000,%00000000,0
2019-04-05 07:06:01,21.8,0.0,23.0,0.0,25.5,0.0,29.7,0,0,%00000000,%00000000,0
2019-04-05 08:06:01,21.9,0.0,23.0,0.0,25.9,0.0,29.9,0,0,%00000000,%00000000,0
2019-04-05 09:06:01,22.0,0.0,23.0,0.0,23.7,0.0,28.1,0,0,%00000000,%00000000,0
2019-04-05 10:06:01,22.1,0.0,23.0,0.0,23.5,0.0,27.5,0,0,%00000000,%00000000,0
2019-04-05 11:06:01,22.2,0.0,23.0,0.0,23.5,0.0,27.6,0,0,%00000000,%00000000,0
2019-04-05 12:06:01,22.2,0.0,23.0,0.0,23.6,0.0,27.6,0,0,%00000000,%00000000,0
2019-04-05 13:06:01,22.3,0.0,23.0,0.0,23.8,0.0,28.0,0,0,%00000000,%00000000,0
2019-04-05 14:06:01,22.5,0.0,23.0,0.0,24.2,0.0,27.2,0,0,%00000000,%00000000,0
2019-04-05 15:06:01,22.8,0.0,23.0,0.0,24.7,0.0,25.4,0,0,%00000000,%00000000,0
2019-04-05 16:06:01,23.0,0.0,23.0,0.0,25.1,0.0,26.9,0,0,%00000000,%00000000,0
2019-04-05 17:06:01,23.1,0.0,23.0,0.0,25.6,0.0,27.7,0,0,%00000000,%00000000,0
2019-04-05 18:06:01,23.1,0.0,23.0,0.0,24.0,0.0,28.0,0,0,%00000000,%00000000,0
2019-04-05 19:06:01,23.0,0.0,23.0,0.0,24.1,0.0,28.1,0,0,%00000000,%00000000,0
2019-04-05 20:06:01,23.0,0.0,23.0,0.0,24.4,0.0,27.4,0,0,%00000000,%00000000,0
2019-04-05 21:06:01,22.8,0.0,23.0,0.0,25.3,0.0,30.1,0,0,%00000000,%00000000,0
2019-04-05 22:06:01,22.7,0.0,23.0,0.0,25.2,0.0,30.0,0,0,%00000000,%00000000,0
2019-04-05 23:06:01,22.5,0.0,23.0,0.0,25.4,0.0,29.2,0,0,%00000000,%00000000,0
2019-04-06 00:06:01,22.4,0.0,23.0,0.0,25.7,0.0,29.1,0,0,%00000000,%00000000,0
2019-04-06 01:06:01,22.2,0.0,23.0,0.0,26.1,0.0,29.2,0,0,%00000000,%00000000,0
2019-04-06 02:06:01,22.0,0.0,23.0,0.0,26.4,0.0,29.4,0,0,%00000000,%00000000,0
2019-04-06 03:06:01,21.9,0.0,23.0,0.0,27.1,0.0,30.2,0,0,%00000000,%00000000,0
2019-04-06 04:06:01,21.7,0.0,23.0,0.0,28.0,0.0,30.2,0,0,%00000000,%00000000,0
2019-04-06 05:06:01,21.6,0.0,23.0,0.0,28.6,0.0,30.5,0,0,%00000000,%00000000,0
2019-04-06 06:06:01,21.4,0.0,23.0,0.0,28.9,0.0,31.8,0,0,%00000000,%00000000,0
2019-04-06 07:06:01,21.3,0.0,23.0,0.0,25.9,0.0,30.3,0,0,%00000000,%00000000,0
2019-04-06 08:06:01,21.3,0.0,23.0,0.0,25.7,0.0,30.2,0,0,%00000000,%00000000,0
2019-04-06 09:06:01,21.3,0.0,23.0,0.0,25.6,0.0,29.1,0,0,%00000000,%00000000,0
2019-04-06 10:06:01,21.4,0.0,23.0,0.0,25.8,0.0,29.9,0,0,%00000000,%00000000,0
2019-04-06 11:06:01,21.4,0.0,23.0,0.0,26.2,0.0,29.0,0,0,%00000000,%00000000,0
2019-04-06 12:06:01,21.4,0.0,23.0,0.0,26.7,0.0,29.5,0,0,%00000000,%00000000,0
2019-04-06 13:06:01,21.5,0.0,23.0,0.0,27.4,0.0,30.3,0,0,%00000000,%00000000,0
2019-04-06 14:06:01,21.5,0.0,23.0,0.0,28.0,0.0,29.6,0,0,%00000000,%00000000,0
2019-04-06 15:06:01,21.5,0.0,23.0,0.0,28.5,0.0,30.6,0,0,%00000000,%00000000,0
2019-04-06 16:06:01,21.5,0.0,23.0,0.0,28.9,0.0,31.3,0,0,%00000000,%00000000,0
2019-04-06 17:06:01,21.8,0.0,23.0,0.0,29.0,0.0,31.8,0,0,%00000000,%00000000,0
2019-04-06 18:06:01,21.9,0.0,23.0,0.0,28.9,0.0,32.1,0,0,%00000000,%00000000,0
2019-04-06 19:06:01,21.9,0.0,23.0,0.0,28.8,0.0,32.3,0,0,%00000000,%00000000,0
2019-04-06 20:06:01,21.7,0.0,23.0,0.0,28.9,0.0,32.5,0,0,%00000000,%00000000,0
2019-04-06 21:06:01,21.6,0.0,23.0,0.0,29.0,0.0,32.7,0,0,%00000000,%00000000,0
2019-04-06 22:06:01,21.4,0.0,23.0,0.0,28.8,0.0,32.8,0,0,%00000000,%00000000,0
2019-04-06 23:06:01,21.3,0.0,23.0,0.0,28.6,0.0,32.7,0,0,%00000000,%00000000,0
2019-04-07 00:06:01,21.1,0.0,23.0,0.0,28.3,0.0,32.6,0,0,%00000000,%00000000,0
2019-04-07 01:06:01,21.0,0.0,23.0,0.0,28.1,0.0,32.5,0,0,%00000000,%00000000,0
2019-04-07 02:06:01,20.8,0.0,23.0,0.0,27.8,0.0,32.3,0,0,%00000000,%00000000,0
2019-04-07 03:06:01,20.6,0.0,23.0,0.0,27.5,0.0,32.1,0,0,%00000000,%00000000,0
2019-04-07 04:06:01,20.4,0.0,23.0,0.0,27.2,0.0,31.8,0,0,%00000000,%00000000,0
2019-04-07 05:06:01,20.2,0.0,23.0,0.0,26.8,0.0,31.6,0,0,%00000000,%00000000,0
2019-04-07 06:06:01,20.0,0.0,23.0,0.0,26.3,0.0,31.2,0,0,%00000000,%00000000,0
2019-04-07 07:06:01,19.8,0.0,23.0,0.0,26.1,0.0,31.4,0,0,%00000000,%00000000,0
2019-04-07 08:06:01,19.6,0.0,23.0,0.0,25.9,0.0,30.6,0,0,%00000000,%00000000,0
2019-04-07 09:06:01,19.6,0.0,23.0,0.0,25.9,0.0,29.3,0,0,%00000000,%00000000,0
2019-04-07 10:06:01,19.6,0.0,23.0,0.0,26.0,0.0,29.2,0,0,%00000000,%00000000,0
2019-04-07 11:06:01,19.6,0.0,23.0,0.0,26.3,0.0,29.9,0,0,%00000000,%00000000,0
2019-04-07 12:06:01,19.6,0.0,23.0,0.0,26.8,0.0,30.4,0,0,%00000000,%00000000,0
2019-04-07 13:06:01,19.6,0.0,23.0,0.0,27.3,0.0,30.8,0,0,%00000000,%00000000,0
2019-04-07 14:06:01,19.6,0.0,23.0,0.0,27.7,0.0,31.3,0,0,%00000000,%00000000,0
2019-04-07 15:06:01,19.7,0.0,23.0,0.0,28.1,0.0,31.7,0,0,%00000000,%00000000,0
2019-04-07 16:06:01,19.7,0.0,23.0,0.0,28.5,0.0,32.3,0,0,%00000000,%00000000,0
2019-04-07 17:06:01,19.8,0.0,23.0,0.0,28.7,0.0,34.6,0,0,%00000000,%00000000,0
2019-04-07 18:06:01,20.1,0.0,23.0,0.0,28.7,0.0,37.3,0,0,%00000000,%00000000,0
2019-04-07 19:06:01,20.4,0.0,23.0,0.0,28.8,0.0,40.4,0,0,%00000000,%00000000,0
2019-04-07 20:06:01,20.4,0.0,23.0,0.0,28.9,0.0,37.0,0,0,%00000000,%00000000,0
2019-04-07 21:06:01,20.3,0.0,23.0,0.0,28.8,0.0,35.7,0,0,%00000000,%00000000,0
2019-04-07 22:06:01,20.2,0.0,23.0,0.0,28.5,0.0,34.9,0,0,%00000000,%00000000,0
2019-04-07 23:06:01,20.1,0.0,23.0,0.0,28.3,0.0,34.3,0,0,%00000000,%00000000,0
2019-04-08 00:06:01,20.0,0.0,23.0,0.0,28.2,0.0,33.8,0,0,%00000000,%00000000,0
2019-04-08 01:06:01,19.9,0.0,23.0,0.0,28.0,0.0,33.4,0,0,%00000000,%00000000,0
2019-04-08 02:06:01,19.7,0.0,23.0,0.0,27.7,0.0,33.0,0,0,%00000000,%00000000,0
2019-04-08 03:06:01,19.6,0.0,23.0,0.0,27.5,0.0,32.6,0,0,%00000000,%00000000,0
2019-04-08 04:06:01,19.4,0.0,23.0,0.0,27.2,0.0,32.3,0,0,%00000000,%00000000,0
2019-04-08 05:06:01,19.2,0.0,23.0,0.0,27.0,0.0,31.9,0,0,%00000000,%00000000,0
2019-04-08 06:06:01,19.2,0.0,23.0,0.0,26.7,0.0,31.6,0,0,%00000000,%00000000,0
2019-04-08 07:06:01,19.3,0.0,23.0,0.0,26.4,0.0,49.7,0,0,%00000000,%00000000,0
2019-04-08 08:06:01,19.3,0.0,23.0,0.0,26.3,0.0,32.2,0,0,%00000000,%00000000,0
2019-04-08 09:06:01,19.5,0.0,23.0,0.0,26.4,0.0,28.3,0,0,%00000000,%00000000,0
2019-04-08 10:06:01,19.7,0.0,23.0,0.0,26.6,0.0,27.6,0,0,%00000000,%00000000,0
2019-04-08 11:06:01,19.9,0.0,23.0,0.0,27.3,0.0,26.2,0,0,%00000000,%00000000,0
2019-04-08 12:06:01,20.1,0.0,23.0,0.0,27.7,0.0,26.6,0,0,%00000000,%00000000,0
2019-04-08 13:06:01,20.3,0.0,23.0,0.0,28.2,0.0,27.0,0,0,%00000000,%00000000,0
2019-04-08 14:06:01,20.5,0.0,23.0,0.0,27.6,0.0,27.0,0,0,%00000000,%00000000,0
2019-04-08 15:06:01,20.8,0.0,23.0,0.0,26.9,0.0,26.8,0,0,%00000000,%00000000,0
2019-04-08 16:06:01,21.1,0.0,23.0,0.0,26.6,0.0,26.5,0,0,%00000000,%00000000,0
2019-04-08 17:06:01,21.2,0.0,23.0,0.0,26.6,0.0,26.4,0,0,%00000000,%00000000,0
2019-04-08 18:06:01,21.3,0.0,23.0,0.0,26.7,0.0,25.9,0,0,%00000000,%00000000,0
2019-04-08 19:06:01,21.4,0.0,23.0,0.0,26.9,0.0,26.1,0,0,%00000000,%00000000,0
2019-04-08 20:06:01,21.4,0.0,23.0,0.0,27.2,0.0,25.5,0,0,%00000000,%00000000,0
2019-04-08 21:06:01,21.4,0.0,23.0,0.0,27.7,0.0,26.2,0,0,%00000000,%00000000,0
2019-04-08 22:06:01,21.4,0.0,23.0,0.0,28.0,0.0,25.8,0,0,%00000000,%00000000,0
2019-04-08 23:06:01,21.2,0.0,23.0,0.0,25.9,0.0,24.1,0,0,%00000000,%00000000,0
2019-04-09 00:06:01,21.1,0.0,23.0,0.0,25.6,0.0,24.8,0,0,%00000000,%00000000,0
2019-04-09 01:06:01,21.0,0.0,23.0,0.0,25.6,0.0,24.0,0,0,%00000000,%00000000,0
2019-04-09 02:06:01,20.9,0.0,23.0,0.0,25.7,0.0,24.5,0,0,%00000000,%00000000,0
2019-04-09 03:06:01,20.8,0.0,23.0,0.0,25.8,0.0,24.7,0,0,%00000000,%00000000,0
2019-04-09 04:06:01,20.7,0.0,23.0,0.0,25.8,0.0,24.9,0,0,%00000000,%00000000,0
2019-04-09 05:06:01,20.6,0.0,23.0,0.0,25.8,0.0,25.0,0,0,%00000000,%00000000,0
2019-04-09 06:06:01,20.5,0.0,23.0,0.0,25.8,0.0,25.1,0,0,%00000000,%00000000,0
2019-04-09 07:06:01,20.6,0.0,23.0,0.0,26.0,0.0,25.3,0,0,%00000000,%00000000,0
2019-04-09 08:06:01,20.6,0.0,23.0,0.0,25.0,0.0,24.2,0,0,%00000000,%00000000,0
2019-04-09 09:06:01,20.6,0.0,23.0,0.0,24.6,0.0,24.1,0,0,%00000000,%00000000,0
2019-04-09 10:06:01,20.8,0.0,23.0,0.0,24.5,0.0,24.0,0,0,%00000000,%00000000,0
2019-04-09 11:06:01,20.9,0.0,23.0,0.0,24.5,0.0,24.1,0,0,%00000000,%00000000,0
2019-04-09 12:06:01,21.1,0.0,23.0,0.0,24.7,0.0,24.2,0,0,%00000000,%00000000,0
2019-04-09 13:06:01,21.2,0.0,23.0,0.0,24.9,0.0,24.4,0,0,%00000000,%00000000,0
2019-04-09 14:06:01,21.4,0.0,23.0,0.0,25.2,0.0,24.6,0,0,%00000000,%00000000,0
2019-04-09 15:06:01,21.7,0.0,23.0,0.0,25.6,0.0,25.0,0,0,%00000000,%00000000,0
2019-04-09 16:06:01,21.6,0.0,23.0,0.0,25.9,0.0,25.3,0,0,%00000000,%00000000,0
2019-04-09 17:06:01,21.7,0.0,23.0,0.0,26.2,0.0,24.5,0,0,%00000000,%00000000,0
2019-04-09 18:06:01,21.9,0.0,23.0,0.0,24.5,0.0,23.8,0,0,%00000000,%00000000,0
2019-04-09 19:06:01,21.9,0.0,23.0,0.0,24.2,0.0,22.7,0,0,%00000000,%00000000,0
2019-04-09 20:06:01,21.9,0.0,23.0,0.0,24.0,0.0,22.8,0,0,%00000000,%00000000,0
2019-04-09 21:06:01,22.0,0.0,23.0,0.0,24.0,0.0,22.1,0,0,%00000000,%00000000,0
2019-04-09 22:06:01,22.0,0.0,23.0,0.0,24.1,0.0,22.6,0,0,%00000000,%00000000,0
2019-04-09 23:06:01,21.9,0.0,23.0,0.0,24.3,0.0,22.9,0,0,%00000000,%00000000,0
2019-04-10 00:06:01,21.8,0.0,23.0,0.0,24.7,0.0,23.4,0,0,%00000000,%00000000,0
2019-04-10 01:06:01,21.7,0.0,23.0,0.0,25.1,0.0,23.6,0,0,%00000000,%00000000,0
2019-04-10 02:06:01,21.7,0.0,23.0,0.0,25.8,0.0,24.4,0,0,%00000000,%00000000,0
2019-04-10 03:06:01,21.6,0.0,23.0,0.0,26.1,0.0,24.8,0,0,%00000000,%00000000,0
2019-04-10 04:06:01,21.5,0.0,23.0,0.0,24.7,0.0,24.2,0,0,%00000000,%00000000,0
2019-04-10 05:06:01,21.4,0.0,23.0,0.0,24.7,0.0,23.9,0,0,%00000000,%00000000,0
2019-04-10 06:06:01,21.4,0.0,23.0,0.0,24.9,0.0,24.0,0,0,%00000000,%00000000,0
2019-04-10 07:06:01,21.3,0.0,23.0,0.0,25.2,0.0,24.3,0,0,%00000000,%00000000,0
2019-04-10 08:06:01,21.2,0.0,23.0,0.0,25.6,0.0,24.7,0,0,%00000000,%00000000,0
2019-04-10 09:06:01,21.2,0.0,23.0,0.0,26.4,0.0,24.7,0,0,%00000000,%00000000,0
2019-04-10 10:06:01,21.3,0.0,23.0,0.0,26.4,0.0,25.5,0,0,%00000000,%00000000,0
2019-04-10 11:06:01,21.4,0.0,23.0,0.0,26.0,0.0,23.1,0,0,%00000000,%00000000,0
2019-04-10 12:06:01,21.8,0.0,23.0,0.0,25.7,0.0,23.0,0,0,%00000000,%00000000,0
2019-04-10 13:06:01,22.2,0.0,23.0,0.0,25.7,0.0,23.1,0,0,%00000000,%00000000,0
2019-04-10 14:06:01,22.5,0.0,23.0,0.0,28.0,0.0,22.1,0,0,%00000000,%00000000,0
2019-04-10 15:06:01,22.7,0.0,23.0,0.0,27.4,0.0,19.8,0,0,%00000000,%00000000,0
2019-04-10 16:06:01,22.8,0.0,23.0,0.0,27.1,0.0,20.8,0,0,%00000000,%00000000,0
2019-04-10 17:06:01,23.0,0.0,23.0,0.0,26.9,0.0,21.8,0,0,%00000000,%00000000,0
2019-04-10 18:06:01,23.1,0.0,23.0,0.0,27.2,0.0,22.0,0,0,%00000000,%00000000,0
2019-04-10 19:06:01,23.0,0.0,23.0,0.0,27.4,0.0,23.0,0,0,%00000000,%00000000,0
2019-04-10 20:06:01,23.0,0.0,23.0,0.0,28.1,0.0,23.1,0,0,%00000000,%00000000,0
2019-04-10 21:06:01,23.0,0.0,23.0,0.0,28.7,0.0,23.1,0,0,%00000000,%00000000,0
2019-04-10 22:06:01,23.0,0.0,23.0,0.0,29.4,0.0,23.9,0,0,%00000000,%00000000,0
2019-04-10 23:06:01,23.0,0.0,23.0,0.0,29.5,0.0,28.6,0,0,%00000000,%00000000,0
2019-04-11 00:06:01,22.9,0.0,23.0,0.0,28.8,0.0,27.3,0,0,%00000000,%00000000,0
2019-04-11 01:06:01,22.8,0.0,23.0,0.0,28.7,0.0,26.7,0,0,%00000000,%00000000,0
2019-04-11 02:06:01,22.7,0.0,23.0,0.0,28.7,0.0,26.9,0,0,%00000000,%00000000,0
2019-04-11 03:06:01,22.6,0.0,23.0,0.0,28.7,0.0,27.3,0,0,%00000000,%00000000,0
2019-04-11 04:06:01,22.5,0.0,23.0,0.0,28.9,0.0,27.6,0,0,%00000000,%00000000,0
2019-04-11 05:06:01,22.4,0.0,23.0,0.0,29.1,0.0,27.9,0,0,%00000000,%00000000,0
2019-04-11 06:06:01,22.3,0.0,23.0,0.0,29.4,0.0,28.3,0,0,%00000000,%00000000,0
2019-04-11 07:06:01,22.3,0.0,23.0,0.0,29.6,0.0,28.6,0,0,%00000000,%00000000,0
2019-04-11 08:06:01,22.3,0.0,23.0,0.0,27.8,0.0,27.2,0,0,%00000000,%00000000,0
2019-04-16 10:15:01,20.9,0.0,23.0,0.0,27.7,0.0,27.1,0,0,%00000000,%00000000,0
2019-04-16 11:57:01,21.5,0.0,23.0,0.0,27.6,0.0,26.3,0,0,%00000000,%00000000,0
2019-04-16 12:57:01,21.8,0.0,23.0,0.0,27.6,0.0,25.9,0,0,%00000000,%00000000,0
2019-04-16 14:35:01,22.6,0.0,23.0,0.0,27.8,0.0,25.8,0,0,%00000000,%00000000,0
2019-04-16 16:20:01,23.3,0.0,23.0,0.0,28.0,0.0,26.2,0,0,%00000000,%00000000,0
2019-04-16 17:22:01,23.6,0.0,23.0,0.0,28.4,0.0,26.8,0,0,%00000000,%00000000,0
2019-04-16 18:22:01,23.7,0.0,23.0,0.0,28.8,0.0,27.3,0,0,%00000000,%00000000,0
2019-04-16 19:22:01,23.7,0.0,23.0,0.0,29.2,0.0,27.8,0,0,%00000000,%00000000,0
2019-04-16 20:22:01,23.6,0.0,23.0,0.0,29.8,0.0,27.6,0,0,%00000000,%00000000,0
2019-04-16 21:22:01,23.5,0.0,23.0,0.0,27.6,0.0,25.5,0,0,%00000000,%00000000,0
2019-04-16 22:22:01,23.4,0.0,23.0,0.0,27.6,0.0,26.2,0,0,%00000000,%00000000,0
2019-04-16 23:22:01,23.3,0.0,23.0,0.0,27.6,0.0,23.0,0,0,%00000000,%00000000,0
2019-04-17 00:22:01,23.2,0.0,23.0,0.0,27.7,0.0,24.1,0,0,%00000000,%00000000,0
2019-04-17 01:22:01,23.0,0.0,23.0,0.0,27.9,0.0,24.5,0,0,%00000000,%00000000,0
2019-04-17 02:22:01,22.8,0.0,23.0,0.0,28.3,0.0,25.2,0,0,%00000000,%00000000,0
2019-04-17 03:22:01,22.6,0.0,23.0,0.0,28.7,0.0,24.7,0,0,%00000000,%00000000,0
2019-04-17 04:22:01,22.4,0.0,23.0,0.0,29.1,0.0,23.4,0,0,%00000000,%00000000,0
2019-04-17 05:22:01,22.2,0.0,23.0,0.0,29.4,0.0,21.7,0,0,%00000000,%00000000,0
2019-04-17 06:22:01,21.9,0.0,23.0,0.0,27.5,0.0,22.6,0,0,%00000000,%00000000,0
2019-04-17 07:22:01,21.7,0.0,23.0,0.0,27.2,0.0,23.2,0,0,%00000000,%00000000,0
2019-04-17 08:22:01,21.6,0.0,23.0,0.0,27.2,0.0,21.1,0,0,%00000000,%00000000,0
2019-04-17 10:00:01,21.5,0.0,23.0,0.0,27.2,0.0,21.3,0,0,%00000000,%00000000,0
2019-04-17 11:10:01,21.6,0.0,23.0,0.0,26.1,0.0,21.9,0,0,%00000000,%00000000,0
2019-04-17 12:10:01,21.8,0.0,23.0,0.0,25.6,0.0,22.6,0,0,%00000000,%00000000,0
2019-04-17 13:12:01,22.2,0.0,23.0,0.0,25.5,0.0,22.1,0,0,%00000000,%00000000,0
2019-04-17 14:12:01,22.5,0.0,23.0,0.0,25.7,0.0,22.2,0,0,%00000000,%00000000,0
2019-04-17 15:12:01,22.9,0.0,23.0,0.0,26.2,0.0,21.7,0,0,%00000000,%00000000,0
2019-04-17 16:12:01,23.4,0.0,23.0,0.0,26.7,0.0,22.7,0,0,%00000000,%00000000,0
2019-04-17 17:12:01,23.7,0.0,23.0,0.0,27.6,0.0,24.0,0,0,%00000000,%00000000,0
2019-04-17 18:12:01,23.9,0.0,23.0,0.0,28.2,0.0,22.7,0,0,%00000000,%00000000,0
2019-04-17 19:12:01,24.1,0.0,23.0,0.0,28.7,0.0,23.2,0,0,%00000000,%00000000,0
2019-04-17 20:12:01,24.2,0.0,23.0,0.0,29.3,0.0,24.4,0,0,%00000000,%00000000,0
2019-04-17 21:12:01,24.1,0.0,23.0,0.0,26.9,0.0,26.5,0,0,%00000000,%00000000,0
2019-04-17 22:12:01,24.1,0.0,23.0,0.0,26.9,0.0,26.4,0,0,%00000000,%00000000,0
2019-04-17 23:12:01,24.1,0.0,23.0,0.0,27.0,0.0,26.6,0,0,%00000000,%00000000,0
2019-04-18 00:12:01,24.0,0.0,23.0,0.0,27.3,0.0,27.0,0,0,%00000000,%00000000,0
2019-04-18 01:12:01,23.9,0.0,23.0,0.0,27.7,0.0,27.4,0,0,%00000000,%00000000,0
2019-04-18 02:12:01,23.7,0.0,23.0,0.0,28.3,0.0,27.7,0,0,%00000000,%00000000,0
2019-04-18 03:12:01,23.6,0.0,23.0,0.0,28.9,0.0,28.2,0,0,%00000000,%00000000,0
2019-04-18 04:12:01,23.4,0.0,23.0,0.0,29.5,0.0,28.9,0,0,%00000000,%00000000,0
2019-04-18 05:12:01,23.2,0.0,23.0,0.0,30.2,0.0,29.2,0,0,%00000000,%00000000,0
2019-04-18 06:12:01,23.0,0.0,23.0,0.0,30.9,0.0,29.8,0,0,%00000000,%00000000,0
2019-04-18 07:12:01,22.9,0.0,23.0,0.0,31.4,0.0,30.3,0,0,%00000000,%00000000,0
2019-04-18 08:12:01,22.7,0.0,23.0,0.0,28.5,0.0,27.9,0,0,%00000000,%00000000,0
2019-04-18 09:12:01,22.4,0.0,23.0,0.0,28.3,0.0,27.8,0,0,%00000000,%00000000,0
2019-04-18 10:20:01,22.3,0.0,23.0,0.0,28.2,0.0,27.8,0,0,%00000000,%00000000,0
2019-04-18 14:41:01,23.1,0.0,23.0,0.0,28.4,0.0,27.9,0,0,%00000000,%00000000,0
2019-04-18 15:41:01,23.4,0.0,23.0,0.0,28.7,0.0,26.1,0,0,%00000000,%00000000,0
2019-04-18 16:41:01,23.6,0.0,23.0,0.0,29.0,0.0,26.8,0,0,%00000000,%00000000,0
2019-04-18 17:41:01,23.8,0.0,23.0,0.0,29.5,0.0,27.6,0,0,%00000000,%00000000,0
2019-04-18 18:41:01,24.0,0.0,23.0,0.0,30.2,0.0,27.2,0,0,%00000000,%00000000,0
2019-04-18 19:41:01,24.1,0.0,23.0,0.0,30.8,0.0,28.3,0,0,%00000000,%00000000,0
2019-04-18 20:41:01,24.0,0.0,23.0,0.0,31.4,0.0,29.1,0,0,%00000000,%00000000,0
2019-04-18 21:41:01,24.0,0.0,23.0,0.0,29.9,0.0,28.6,0,0,%00000000,%00000000,0
2019-04-18 22:41:01,24.0,0.0,23.0,0.0,29.6,0.0,28.6,0,0,%00000000,%00000000,0
2019-04-18 23:41:01,24.0,0.0,23.0,0.0,29.5,0.0,28.7,0,0,%00000000,%00000000,0
2019-04-19 00:41:01,23.9,0.0,23.0,0.0,29.6,0.0,28.7,0,0,%00000000,%00000000,0
2019-04-19 01:41:01,23.9,0.0,23.0,0.0,29.8,0.0,28.6,0,0,%00000000,%00000000,0
2019-04-19 02:41:01,23.8,0.0,23.0,0.0,30.2,0.0,29.1,0,0,%00000000,%00000000,0
2019-04-19 03:41:01,23.8,0.0,23.0,0.0,30.8,0.0,29.0,0,0,%00000000,%00000000,0
2019-04-19 04:41:01,23.7,0.0,23.0,0.0,31.3,0.0,29.3,0,0,%00000000,%00000000,0
2019-04-19 05:41:01,23.6,0.0,23.0,0.0,29.7,0.0,29.2,0,0,%00000000,%00000000,0
2019-04-19 06:41:01,23.5,0.0,23.0,0.0,29.7,0.0,29.3,0,0,%00000000,%00000000,0
2019-04-19 07:41:01,23.4,0.0,23.0,0.0,29.9,0.0,29.6,0,0,%00000000,%00000000,0
2019-04-19 08:41:01,23.4,0.0,23.0,0.0,30.3,0.0,29.8,0,0,%00000000,%00000000,0
2019-04-19 09:41:01,23.4,0.0,23.0,0.0,30.8,0.0,30.2,0,0,%00000000,%00000000,0
2019-04-19 10:41:01,23.3,0.0,23.0,0.0,31.4,0.0,30.7,0,0,%00000000,%00000000,0
2019-04-19 16:46:01,24.5,0.0,23.0,0.0,32.0,0.0,31.1,0,0,%00000000,%00000000,0
2019-04-19 17:46:01,24.6,0.0,23.0,0.0,32.5,0.0,31.5,0,0,%00000000,%00000000,0
2019-04-19 18:46:01,24.7,0.0,23.0,0.0,28.4,0.0,28.2,0,0,%00000000,%00000000,0
2019-04-19 19:46:01,24.8,0.0,23.0,0.0,28.2,0.0,28.1,0,0,%00000000,%00000000,0
2019-04-19 20:46:01,24.8,0.0,23.0,0.0,28.0,0.0,28.0,0,0,%00000000,%00000000,0
2019-04-19 21:46:01,24.7,0.0,23.0,0.0,28.1,0.0,28.1,0,0,%00000000,%00000000,0
2019-04-19 22:46:01,24.6,0.0,23.0,0.0,28.2,0.0,28.2,0,0,%00000000,%00000000,0
2019-04-19 23:46:01,24.5,0.0,23.0,0.0,28.5,0.0,28.4,0,0,%00000000,%00000000,0
2019-04-20 00:46:01,24.3,0.0,23.0,0.0,28.8,0.0,28.7,0,0,%00000000,%00000000,0
2019-04-20 01:46:01,24.2,0.0,23.0,0.0,29.2,0.0,29.1,0,0,%00000000,%00000000,0
2019-04-20 02:46:01,24.0,0.0,23.0,0.0,29.6,0.0,29.3,0,0,%00000000,%00000000,0
2019-04-20 03:46:01,23.8,0.0,23.0,0.0,30.1,0.0,29.5,0,0,%00000000,%00000000,0
2019-04-20 04:46:01,23.6,0.0,23.0,0.0,28.7,0.0,28.0,0,0,%00000000,%00000000,0
2019-04-20 05:46:01,23.3,0.0,23.0,0.0,28.6,0.0,28.0,0,0,%00000000,%00000000,0
2019-04-20 06:46:01,23.1,0.0,23.0,0.0,28.5,0.0,28.0,0,0,%00000000,%00000000,0
2019-04-20 07:46:01,22.9,0.0,23.0,0.0,28.5,0.0,27.6,0,0,%00000000,%00000000,0
2019-04-20 08:46:01,22.8,0.0,23.0,0.0,28.3,0.0,27.2,0,0,%00000000,%00000000,0
2019-04-20 09:46:01,22.6,0.0,23.0,0.0,28.2,0.0,27.4,0,0,%00000000,%00000000,0
2019-04-20 10:46:01,22.6,0.0,23.0,0.0,28.3,0.0,27.2,0,0,%00000000,%00000000,0
2019-04-20 11:46:01,22.7,0.0,23.0,0.0,28.5,0.0,27.5,0,0,%00000000,%00000000,0
2019-04-20 12:46:01,22.9,0.0,23.0,0.0,28.8,0.0,27.8,0,0,%00000000,%00000000,0
2019-04-20 13:46:01,23.2,0.0,23.0,0.0,29.0,0.0,28.1,0,0,%00000000,%00000000,0
2019-04-20 14:46:01,23.5,0.0,23.0,0.0,28.4,0.0,27.6,0,0,%00000000,%00000000,0
2019-04-20 15:46:01,23.9,0.0,23.0,0.0,28.3,0.0,27.6,0,0,%00000000,%00000000,0
2019-04-20 16:46:01,24.2,0.0,23.0,0.0,28.3,0.0,27.5,0,0,%00000000,%00000000,0
2019-04-20 17:46:01,24.5,0.0,23.0,0.0,28.4,0.0,27.7,0,0,%00000000,%00000000,0
2019-04-20 18:46:01,24.7,0.0,23.0,0.0,28.6,0.0,28.0,0,0,%00000000,%00000000,0
2019-04-20 19:46:01,24.9,0.0,23.0,0.0,28.9,0.0,28.3,0,0,%00000000,%00000000,0
2019-04-20 20:46:01,24.9,0.0,23.0,0.0,29.1,0.0,28.5,0,0,%00000000,%00000000,0
2019-04-20 21:46:01,24.8,0.0,23.0,0.0,28.8,0.0,26.5,0,0,%00000000,%00000000,0
2019-04-20 22:46:01,24.7,0.0,23.0,0.0,28.6,0.0,25.3,0,0,%00000000,%00000000,0
2019-04-20 23:46:01,24.6,0.0,23.0,0.0,28.5,0.0,26.0,0,0,%00000000,%00000000,0
2019-04-21 00:46:01,24.5,0.0,23.0,0.0,28.3,0.0,26.3,0,0,%00000000,%00000000,0
2019-04-21 01:46:01,24.3,0.0,23.0,0.0,25.6,0.0,24.8,0,0,%00000000,%00000000,0
2019-04-21 02:46:01,24.2,0.0,23.0,0.0,25.4,0.0,24.7,0,0,%00000000,%00000000,0
2019-04-21 03:46:01,24.0,0.0,23.0,0.0,25.2,0.0,24.6,0,0,%00000000,%00000000,0
2019-04-21 04:46:01,23.8,0.0,23.0,0.0,25.2,0.0,24.7,0,0,%00000000,%00000000,0
2019-04-21 05:46:01,23.6,0.0,23.0,0.0,25.4,0.0,24.8,0,0,%00000000,%00000000,0
2019-04-21 06:46:01,23.3,0.0,23.0,0.0,25.7,0.0,25.1,0,0,%00000000,%00000000,0
2019-04-21 07:46:01,23.1,0.0,23.0,0.0,26.0,0.0,25.4,0,0,%00000000,%00000000,0
2019-04-21 08:46:01,23.0,0.0,23.0,0.0,26.4,0.0,25.7,0,0,%00000000,%00000000,0
2019-04-21 09:46:01,22.8,0.0,23.0,0.0,26.7,0.0,26.0,0,0,%00000000,%00000000,0
2019-04-21 10:46:01,22.8,0.0,23.0,0.0,27.0,0.0,26.3,0,0,%00000000,%00000000,0
2019-04-21 11:46:01,22.8,0.0,23.0,0.0,25.6,0.0,25.5,0,0,%00000000,%00000000,0
2019-04-21 12:46:01,22.9,0.0,23.0,0.0,25.5,0.0,25.0,0,0,%00000000,%00000000,0
2019-04-21 13:46:01,23.1,0.0,23.0,0.0,25.5,0.0,25.3,0,0,%00000000,%00000000,0
2019-04-21 14:46:01,23.4,0.0,23.0,0.0,25.6,0.0,25.4,0,0,%00000000,%00000000,0
2019-04-21 15:46:01,23.8,0.0,23.0,0.0,25.9,0.0,25.6,0,0,%00000000,%00000000,0
2019-04-21 16:46:01,24.0,0.0,23.0,0.0,26.2,0.0,25.8,0,0,%00000000,%00000000,0
2019-04-21 17:46:01,24.2,0.0,23.0,0.0,26.6,0.0,25.5,0,0,%00000000,%00000000,0
2019-04-21 18:46:01,24.4,0.0,23.0,0.0,26.8,0.0,25.8,0,0,%00000000,%00000000,0
2019-04-21 19:46:01,24.4,0.0,23.0,0.0,27.1,0.0,26.1,0,0,%00000000,%00000000,0
2019-04-21 20:46:01,24.4,0.0,23.0,0.0,27.3,0.0,26.3,0,0,%00000000,%00000000,0
2019-04-21 21:46:01,24.3,0.0,23.0,0.0,27.4,0.0,26.9,0,0,%00000000,%00000000,0
2019-04-21 22:46:01,24.2,0.0,23.0,0.0,27.3,0.0,26.9,0,0,%00000000,%00000000,0
2019-04-21 23:46:01,24.1,0.0,23.0,0.0,27.4,0.0,26.7,0,0,%00000000,%00000000,0
2019-04-22 00:46:01,23.9,0.0,23.0,0.0,27.6,0.0,27.0,0,0,%00000000,%00000000,0
2019-04-22 01:46:01,23.8,0.0,23.0,0.0,27.9,0.0,27.4,0,0,%00000000,%00000000,0
2019-04-22 02:46:01,23.6,0.0,23.0,0.0,28.3,0.0,27.8,0,0,%00000000,%00000000,0
2019-04-22 03:46:01,23.3,0.0,23.0,0.0,28.7,0.0,28.3,0,0,%00000000,%00000000,0
2019-04-22 04:46:01,23.1,0.0,23.0,0.0,29.2,0.0,28.7,0,0,%00000000,%00000000,0
2019-04-22 05:46:01,22.9,0.0,23.0,0.0,26.6,0.0,26.5,0,0,%00000000,%00000000,0
2019-04-22 06:46:01,22.7,0.0,23.0,0.0,26.7,0.0,26.6,0,0,%00000000,%00000000,0
2019-04-22 07:46:01,22.5,0.0,23.0,0.0,26.9,0.0,26.8,0,0,%00000000,%00000000,0
2019-04-22 08:46:01,22.4,0.0,23.0,0.0,27.2,0.0,27.1,0,0,%00000000,%00000000,0
2019-04-22 09:46:01,22.3,0.0,23.0,0.0,27.6,0.0,27.5,0,0,%00000000,%00000000,0
2019-04-22 10:46:01,22.2,0.0,23.0,0.0,28.1,0.0,27.9,0,0,%00000000,%00000000,0
2019-04-22 11:46:01,22.3,0.0,23.0,0.0,28.9,0.0,28.4,0,0,%00000000,%00000000,0
2019-04-22 12:46:01,22.4,0.0,23.0,0.0,29.5,0.0,27.7,0,0,%00000000,%00000000,0
2019-04-22 13:46:01,22.5,0.0,23.0,0.0,29.6,0.0,29.1,0,0,%00000000,%00000000,0
2019-04-22 14:46:01,22.7,0.0,23.0,0.0,29.6,0.0,29.1,0,0,%00000000,%00000000,0
2019-04-22 15:46:01,23.0,0.0,23.0,0.0,29.7,0.0,27.9,0,0,%00000000,%00000000,0
2019-04-22 16:46:01,23.2,0.0,23.0,0.0,29.8,0.0,29.8,0,0,%00000000,%00000000,0
2019-04-22 17:46:01,23.3,0.0,23.0,0.0,29.8,0.0,29.1,0,0,%00000000,%00000000,0
2019-04-22 18:46:01,23.3,0.0,23.0,0.0,29.8,0.0,28.4,0,0,%00000000,%00000000,0
2019-04-22 19:46:01,23.3,0.0,23.0,0.0,29.6,0.0,27.3,0,0,%00000000,%00000000,0
2019-04-22 20:46:01,23.3,0.0,23.0,0.0,29.4,0.0,28.5,0,0,%00000000,%00000000,0
2019-04-22 21:46:01,23.2,0.0,23.0,0.0,29.2,0.0,28.2,0,0,%00000000,%00000000,0
2019-04-22 22:46:01,23.1,0.0,23.0,0.0,28.9,0.0,27.5,0,0,%00000000,%00000000,0
2019-04-22 23:46:01,23.0,0.0,23.0,0.0,28.7,0.0,26.7,0,0,%00000000,%00000000,0
2019-04-23 00:46:01,23.0,0.0,23.0,0.0,28.5,0.0,27.1,0,0,%00000000,%00000000,0
2019-04-23 01:46:01,22.8,0.0,23.0,0.0,28.2,0.0,27.5,0,0,%00000000,%00000000,0
2019-04-23 02:46:01,22.7,0.0,23.0,0.0,28.1,0.0,27.0,0,0,%00000000,%00000000,0
2019-04-23 03:46:01,22.6,0.0,23.0,0.0,27.8,0.0,26.3,0,0,%00000000,%00000000,0
2019-04-23 04:46:01,22.5,0.0,23.0,0.0,27.7,0.0,26.1,0,0,%00000000,%00000000,0
2019-04-23 05:46:01,22.3,0.0,23.0,0.0,27.7,0.0,27.6,0,0,%00000000,%00000000,0
2019-04-23 06:46:01,22.2,0.0,23.0,0.0,27.8,0.0,27.4,0,0,%00000000,%00000000,0
2019-04-29 14:05:01,17.3,0.0,23.0,0.0,28.1,0.0,27.1,0,0,%00000000,%00000000,0
2019-04-30 15:10:01,18.6,0.0,23.0,0.0,28.5,0.0,26.5,0,0,%00000000,%00000000,0
2019-04-30 16:10:01,19.2,0.0,23.0,0.0,29.1,0.0,29.1,0,0,%00000000,%00000000,0
2019-04-30 17:10:01,19.6,0.0,23.0,0.0,29.7,0.0,29.1,0,0,%00000000,%00000000,0
2019-04-30 18:10:01,20.0,0.0,23.0,0.0,30.3,0.0,28.5,0,0,%00000000,%00000000,0
2019-04-30 19:10:01,20.3,0.0,23.0,0.0,30.8,0.0,27.3,0,0,%00000000,%00000000,0
2019-04-30 20:10:01,20.6,0.0,23.0,0.0,31.0,0.0,30.0,0,0,%00000000,%00000000,0
2019-04-30 21:10:01,20.7,0.0,23.0,0.0,31.1,0.0,29.5,0,0,%00000000,%00000000,0
2019-04-30 22:10:01,20.8,0.0,23.0,0.0,31.1,0.0,28.8,0,0,%00000000,%00000000,0
2019-04-30 23:10:01,20.9,0.0,23.0,0.0,31.2,0.0,27.3,0,0,%00000000,%00000000,0
2019-05-01 00:10:01,20.9,0.0,23.0,0.0,31.1,0.0,29.9,0,0,%00000000,%00000000,0
2019-05-01 01:10:01,20.9,0.0,23.0,0.0,31.0,0.0,29.2,0,0,%00000000,%00000000,0
2019-05-01 02:10:01,20.8,0.0,23.0,0.0,30.8,0.0,28.4,0,0,%00000000,%00000000,0
2019-05-01 03:10:01,20.8,0.0,23.0,0.0,30.5,0.0,26.8,0,0,%00000000,%00000000,0
2019-05-01 04:10:01,20.7,0.0,23.0,0.0,30.1,0.0,28.9,0,0,%00000000,%00000000,0
2019-05-01 05:10:01,20.7,0.0,23.0,0.0,29.8,0.0,28.3,0,0,%00000000,%00000000,0
2019-05-01 06:10:01,20.6,0.0,23.0,0.0,29.5,0.0,27.5,0,0,%00000000,%00000000,0
2019-05-01 07:10:01,20.5,0.0,23.0,0.0,29.2,0.0,26.3,0,0,%00000000,%00000000,0
2019-05-01 08:10:01,20.4,0.0,23.0,0.0,28.8,0.0,28.1,0,0,%00000000,%00000000,0
2019-05-01 09:10:01,20.4,0.0,23.0,0.0,28.5,0.0,27.4,0,0,%00000000,%00000000,0
2019-05-01 10:10:01,20.4,0.0,23.0,0.0,29.8,0.0,27.2,0,0,%00000000,%00000000,0
2019-05-01 11:10:01,20.5,0.0,23.0,0.0,31.3,0.0,27.4,0,0,%00000000,%00000000,0
2019-05-01 12:10:01,20.6,0.0,23.0,0.0,31.8,0.0,28.4,0,0,%00000000,%00000000,0
2019-05-01 13:10:01,20.8,0.0,23.0,0.0,32.2,0.0,29.2,0,0,%00000000,%00000000,0
2019-05-01 14:10:01,21.1,0.0,23.0,0.0,32.4,0.0,29.2,0,0,%00000000,%00000000,0
2019-05-01 15:10:01,21.4,0.0,23.0,0.0,32.4,0.0,29.7,0,0,%00000000,%00000000,0
2019-05-01 16:10:01,21.8,0.0,23.0,0.0,32.3,0.0,30.0,0,0,%00000000,%00000000,0
2019-05-01 17:10:01,22.1,0.0,23.0,0.0,32.1,0.0,30.1,0,0,%00000000,%00000000,0
2019-05-01 18:10:01,22.3,0.0,23.0,0.0,31.9,0.0,30.2,0,0,%00000000,%00000000,0
2019-05-01 19:10:01,22.5,0.0,23.0,0.0,31.6,0.0,30.1,0,0,%00000000,%00000000,0
2019-05-01 20:10:01,22.7,0.0,23.0,0.0,31.3,0.0,30.0,0,0,%00000000,%00000000,0
2019-05-01 21:10:01,22.7,0.0,23.0,0.0,31.0,0.0,29.9,0,0,%00000000,%00000000,0
2019-05-01 22:10:01,22.7,0.0,23.0,0.0,30.7,0.0,29.8,0,0,%00000000,%00000000,0
2019-05-01 23:10:01,22.6,0.0,23.0,0.0,30.4,0.0,29.6,0,0,%00000000,%00000000,0
2019-05-02 00:10:01,22.5,0.0,23.0,0.0,30.1,0.0,29.5,0,0,%00000000,%00000000,0
2019-05-02 01:10:01,22.5,0.0,23.0,0.0,29.8,0.0,29.3,0,0,%00000000,%00000000,0
2019-05-02 02:10:01,22.3,0.0,23.0,0.0,29.5,0.0,29.0,0,0,%00000000,%00000000,0
2019-05-02 03:10:01,22.3,0.0,23.0,0.0,29.0,0.0,27.5,0,0,%00000000,%00000000,0
2019-05-02 04:10:01,22.1,0.0,23.0,0.0,28.7,0.0,27.6,0,0,%00000000,%00000000,0
2019-05-02 05:10:01,22.0,0.0,23.0,0.0,28.6,0.0,24.6,0,0,%00000000,%00000000,0
2019-05-02 06:10:01,21.9,0.0,23.0,0.0,28.5,0.0,23.2,0,0,%00000000,%00000000,0
2019-05-02 07:10:01,21.7,0.0,23.0,0.0,31.4,0.0,31.0,0,0,%00000000,%00000000,0
2019-05-02 08:10:01,21.7,0.0,23.0,0.0,30.7,0.0,28.0,0,0,%00000000,%00000000,0
2019-05-02 09:10:01,21.6,0.0,23.0,0.0,30.1,0.0,26.1,0,0,%00000000,%00000000,0
2019-05-02 10:10:01,21.6,0.0,23.0,0.0,29.6,0.0,24.4,0,0,%00000000,%00000000,0
2019-05-02 11:10:01,21.6,0.0,23.0,0.0,29.5,0.0,25.3,0,0,%00000000,%00000000,0
2019-05-02 12:10:01,21.7,0.0,23.0,0.0,29.6,0.0,26.0,0,0,%00000000,%00000000,0
2019-05-02 13:10:01,21.8,0.0,23.0,0.0,29.8,0.0,22.3,0,0,%00000000,%00000000,0
2019-05-02 14:10:01,22.1,0.0,23.0,0.0,30.0,0.0,23.2,0,0,%00000000,%00000000,0
2019-05-02 16:53:01,22.7,0.0,23.0,0.0,30.3,0.0,24.9,0,0,%00000000,%00000000,0
2019-05-02 17:53:01,22.8,0.0,23.0,0.0,30.8,0.0,23.0,0,0,%00000000,%00000000,0
2019-05-02 18:53:01,23.0,0.0,23.0,0.0,31.0,0.0,24.7,0,0,%00000000,%00000000,0
2019-05-02 19:53:01,23.1,0.0,23.0,0.0,31.1,0.0,25.3,0,0,%00000000,%00000000,0
2019-05-02 20:53:01,23.1,0.0,23.0,0.0,31.3,0.0,26.2,0,0,%00000000,%00000000,0
2019-05-02 21:53:01,23.1,0.0,23.0,0.0,31.5,0.0,27.0,0,0,%00000000,%00000000,0
2019-05-02 22:53:01,23.1,0.0,23.0,0.0,31.6,0.0,27.7,0,0,%00000000,%00000000,0
2019-05-02 23:53:01,23.1,0.0,23.0,0.0,31.6,0.0,28.2,0,0,%00000000,%00000000,0
2019-05-03 00:53:01,23.1,0.0,23.0,0.0,31.5,0.0,28.6,0,0,%00000000,%00000000,0
2019-05-03 01:53:01,23.0,0.0,23.0,0.0,31.3,0.0,28.8,0,0,%00000000,%00000000,0
2019-05-03 02:53:01,23.0,0.0,23.0,0.0,31.1,0.0,28.9,0,0,%00000000,%00000000,0
2019-05-03 03:53:01,22.9,0.0,23.0,0.0,30.8,0.0,29.0,0,0,%00000000,%00000000,0
2019-05-03 04:53:01,22.8,0.0,23.0,0.0,30.6,0.0,29.0,0,0,%00000000,%00000000,0
2019-05-03 05:53:01,22.7,0.0,23.0,0.0,30.3,0.0,29.0,0,0,%00000000,%00000000,0
2019-05-03 06:53:01,22.6,0.0,23.0,0.0,30.0,0.0,28.9,0,0,%00000000,%00000000,0
2019-05-03 07:53:01,22.5,0.0,23.0,0.0,29.7,0.0,28.9,0,0,%00000000,%00000000,0
2019-05-03 08:53:01,22.4,0.0,23.0,0.0,29.1,0.0,23.6,0,0,%00000000,%00000000,0
2019-05-03 09:53:01,22.3,0.0,23.0,0.0,28.4,0.0,23.8,0,0,%00000000,%00000000,0
2019-05-03 10:53:01,22.0,0.0,23.0,0.0,28.2,0.0,23.4,0,0,%00000000,%00000000,0
2019-05-03 11:53:01,21.2,0.0,23.0,0.0,28.2,0.0,24.2,0,0,%00000000,%00000000,0
2019-05-03 12:53:01,20.4,0.0,23.0,0.0,28.4,0.0,22.8,0,0,%00000000,%00000000,0
2019-05-03 13:53:01,20.0,0.0,23.0,0.0,28.4,0.0,22.9,0,0,%00000000,%00000000,0
2019-05-03 14:53:01,19.7,0.0,23.0,0.0,28.7,0.0,23.9,0,0,%00000000,%00000000,0
2019-05-03 15:53:01,19.7,0.0,23.0,0.0,29.1,0.0,25.2,0,0,%00000000,%00000000,0
2019-05-03 16:53:01,19.4,0.0,23.0,0.0,29.6,0.0,24.5,0,0,%00000000,%00000000,0
2019-05-03 17:53:01,19.3,0.0,23.0,0.0,29.9,0.0,26.1,0,0,%00000000,%00000000,0
2019-05-03 18:53:01,19.6,0.0,23.0,0.0,29.9,0.0,28.8,0,0,%00000000,%00000000,0
2019-05-03 19:53:01,20.1,0.0,23.0,0.0,29.7,0.0,30.7,0,0,%00000000,%00000000,0
2019-05-03 20:53:01,20.1,0.0,23.0,0.0,29.5,0.0,32.3,0,0,%00000000,%00000000,0
2019-05-03 21:53:01,20.4,0.0,23.0,0.0,29.7,0.0,34.8,0,0,%00000000,%00000000,0
2019-05-03 22:53:01,20.7,0.0,23.0,0.0,29.8,0.0,37.0,0,0,%00000000,%00000000,0
2019-05-03 23:53:01,20.8,0.0,23.0,0.0,29.9,0.0,39.7,0,0,%00000000,%00000000,0
2019-05-04 00:53:01,20.9,0.0,23.0,0.0,29.9,0.0,41.0,0,0,%00000000,%00000000,0
2019-05-04 01:53:01,21.0,0.0,23.0,0.0,29.9,0.0,42.9,0,0,%00000000,%00000000,0
2019-05-04 02:53:01,21.1,0.0,23.0,0.0,29.9,0.0,47.8,0,0,%00000000,%00000000,0
2019-05-04 03:53:01,21.1,0.0,23.0,0.0,29.9,0.0,45.4,0,0,%00000000,%00000000,0
2019-05-04 04:53:01,21.1,0.0,23.0,0.0,29.8,0.0,39.9,0,0,%00000000,%00000000,0
2019-05-04 05:53:01,21.1,0.0,23.0,0.0,29.8,0.0,37.0,0,0,%00000000,%00000000,0
2019-05-04 06:53:01,21.1,0.0,23.0,0.0,29.8,0.0,35.1,0,0,%00000000,%00000000,0
2019-05-04 07:53:01,21.1,0.0,23.0,0.0,29.7,0.0,33.7,0,0,%00000000,%00000000,0
2019-05-04 08:53:01,21.1,0.0,23.0,0.0,29.3,0.0,42.7,0,0,%00000000,%00000000,0
2019-05-04 09:53:01,21.2,0.0,23.0,0.0,29.0,0.0,37.3,0,0,%00000000,%00000000,0
2019-05-04 10:53:01,21.2,0.0,23.0,0.0,29.0,0.0,34.6,0,0,%00000000,%00000000,0
2019-05-04 11:53:01,21.4,0.0,23.0,0.0,29.2,0.0,33.1,0,0,%00000000,%00000000,0
2019-05-04 12:53:01,21.5,0.0,23.0,0.0,29.3,0.0,34.4,0,0,%00000000,%00000000,0
2019-05-04 13:53:01,21.6,0.0,23.0,0.0,29.2,0.0,42.5,0,0,%00000000,%00000000,0
2019-05-04 14:53:01,21.6,0.0,23.0,0.0,29.3,0.0,32.3,0,0,%00000000,%00000000,0
2019-05-04 15:53:01,21.7,0.0,23.0,0.0,29.5,0.0,22.9,0,0,%00000000,%00000000,0
2019-05-04 16:53:01,21.7,0.0,23.0,0.0,29.5,0.0,23.2,0,0,%00000000,%00000000,0
2019-05-04 17:53:01,21.6,0.0,23.0,0.0,29.6,0.0,22.9,0,0,%00000000,%00000000,0
2019-05-04 18:53:01,21.6,0.0,23.0,0.0,29.7,0.0,25.8,0,0,%00000000,%00000000,0
2019-05-04 19:53:01,21.6,0.0,23.0,0.0,29.8,0.0,28.5,0,0,%00000000,%00000000,0
2019-05-04 20:53:01,21.6,0.0,23.0,0.0,30.2,0.0,28.3,0,0,%00000000,%00000000,0
2019-05-04 21:53:01,21.5,0.0,23.0,0.0,30.6,0.0,28.2,0,0,%00000000,%00000000,0
2019-05-04 22:53:01,21.4,0.0,23.0,0.0,30.9,0.0,28.3,0,0,%00000000,%00000000,0
2019-05-04 23:53:01,21.4,0.0,23.0,0.0,31.1,0.0,28.5,0,0,%00000000,%00000000,0
2019-05-05 00:53:01,21.3,0.0,23.0,0.0,31.1,0.0,28.6,0,0,%00000000,%00000000,0
2019-05-05 01:53:01,21.2,0.0,23.0,0.0,31.0,0.0,28.6,0,0,%00000000,%00000000,0
2019-05-05 02:53:01,21.2,0.0,23.0,0.0,30.8,0.0,28.7,0,0,%00000000,%00000000,0
2019-05-05 03:53:01,21.1,0.0,23.0,0.0,30.6,0.0,28.7,0,0,%00000000,%00000000,0
2019-05-05 04:53:01,21.0,0.0,23.0,0.0,30.3,0.0,28.6,0,0,%00000000,%00000000,0
2019-05-05 05:53:01,20.9,0.0,23.0,0.0,30.0,0.0,28.5,0,0,%00000000,%00000000,0
2019-05-05 06:53:01,20.8,0.0,23.0,0.0,29.7,0.0,28.4,0,0,%00000000,%00000000,0
2019-05-05 07:53:01,20.7,0.0,23.0,0.0,29.2,0.0,28.2,0,0,%00000000,%00000000,0
2019-05-05 08:53:01,20.6,0.0,23.0,0.0,28.7,0.0,22.6,0,0,%00000000,%00000000,0
2019-05-05 09:53:01,20.5,0.0,23.0,0.0,28.2,0.0,21.1,0,0,%00000000,%00000000,0
2019-05-05 10:53:01,20.4,0.0,23.0,0.0,28.0,0.0,24.5,0,0,%00000000,%00000000,0
2019-05-05 11:53:01,20.3,0.0,23.0,0.0,28.1,0.0,24.0,0,0,%00000000,%00000000,0
2019-05-05 12:53:01,20.2,0.0,23.0,0.0,28.4,0.0,23.4,0,0,%00000000,%00000000,0
2019-05-05 13:53:01,20.2,0.0,23.0,0.0,28.6,0.0,22.4,0,0,%00000000,%00000000,0
2019-05-05 14:53:01,20.1,0.0,23.0,0.0,28.9,0.0,23.7,0,0,%00000000,%00000000,0
2019-05-05 15:53:01,20.0,0.0,23.0,0.0,29.3,0.0,24.9,0,0,%00000000,%00000000,0
2019-05-05 16:53:01,19.9,0.0,23.0,0.0,29.6,0.0,21.3,0,0,%00000000,%00000000,0
2019-05-05 17:53:01,19.8,0.0,23.0,0.0,29.5,0.0,24.3,0,0,%00000000,%00000000,0
2019-05-05 18:53:01,19.7,0.0,23.0,0.0,29.5,0.0,27.5,0,0,%00000000,%00000000,0
2019-05-05 19:53:01,19.7,0.0,23.0,0.0,29.5,0.0,30.2,0,0,%00000000,%00000000,0
2019-05-05 20:53:01,19.6,0.0,23.0,0.0,29.8,0.0,33.5,0,0,%00000000,%00000000,0
2019-05-05 21:53:01,19.5,0.0,23.0,0.0,30.1,0.0,36.4,0,0,%00000000,%00000000,0
2019-05-05 22:53:01,19.4,0.0,23.0,0.0,30.4,0.0,40.4,0,0,%00000000,%00000000,0
2019-05-05 23:53:01,19.4,0.0,23.0,0.0,30.5,0.0,42.1,0,0,%00000000,%00000000,0
2019-05-06 00:53:01,19.3,0.0,23.0,0.0,30.6,0.0,43.0,0,0,%00000000,%00000000,0
2019-05-06 01:53:01,19.2,0.0,23.0,0.0,30.6,0.0,46.4,0,0,%00000000,%00000000,0
2019-05-06 02:53:01,19.1,0.0,23.0,0.0,30.7,0.0,47.9,0,0,%00000000,%00000000,0
2019-05-06 03:53:01,19.1,0.0,23.0,0.0,30.7,0.0,48.3,0,0,%00000000,%00000000,0
2019-05-06 04:53:01,19.0,0.0,23.0,0.0,30.7,0.0,48.3,0,0,%00000000,%00000000,0
2019-05-06 05:53:01,18.9,0.0,23.0,0.0,30.7,0.0,45.1,0,0,%00000000,%00000000,0
2019-05-06 06:53:01,18.9,0.0,23.0,0.0,30.5,0.0,40.7,0,0,%00000000,%00000000,0
2019-05-06 07:53:01,18.8,0.0,23.0,0.0,30.0,0.0,26.5,0,0,%00000000,%00000000,0
2019-05-06 08:53:01,18.7,0.0,23.0,0.0,29.2,0.0,23.3,0,0,%00000000,%00000000,0
2019-05-06 09:53:01,18.6,0.0,23.0,0.0,28.1,0.0,21.9,0,0,%00000000,%00000000,0
2019-05-06 10:53:01,18.5,0.0,23.0,0.0,27.3,0.0,22.4,0,0,%00000000,%00000000,0
2019-05-06 11:53:01,18.6,0.0,23.0,0.0,26.9,0.0,22.9,0,0,%00000000,%00000000,0
2019-05-06 12:53:01,18.7,0.0,23.0,0.0,26.9,0.0,23.5,0,0,%00000000,%00000000,0
2019-05-06 13:53:01,18.9,0.0,23.0,0.0,27.0,0.0,24.2,0,0,%00000000,%00000000,0
2019-05-06 15:04:01,19.2,0.0,23.0,0.0,27.3,0.0,24.8,0,0,%00000000,%00000000,0
2019-05-06 16:04:01,19.5,0.0,23.0,0.0,27.7,0.0,22.4,0,0,%00000000,%00000000,0
2019-05-06 17:04:01,19.7,0.0,23.0,0.0,27.8,0.0,21.8,0,0,%00000000,%00000000,0
2019-05-06 18:04:01,19.7,0.0,23.0,0.0,28.0,0.0,21.8,0,0,%00000000,%00000000,0
2019-05-06 19:04:01,19.8,0.0,23.0,0.0,28.0,0.0,20.1,0,0,%00000000,%00000000,0
2019-05-06 20:04:01,19.9,0.0,23.0,0.0,28.0,0.0,20.0,0,0,%00000000,%00000000,0
2019-05-06 21:04:01,20.0,0.0,23.0,0.0,27.9,0.0,19.9,0,0,%00000000,%00000000,0
2019-05-06 22:04:01,20.0,0.0,23.0,0.0,27.9,0.0,19.9,0,0,%00000000,%00000000,0
2019-05-06 23:04:01,19.9,0.0,23.0,0.0,27.9,0.0,20.0,0,0,%00000000,%00000000,0
2019-05-07 00:04:01,19.9,0.0,23.0,0.0,27.8,0.0,19.9,0,0,%00000000,%00000000,0
2019-05-07 01:04:01,19.8,0.0,23.0,0.0,27.5,0.0,19.9,0,0,%00000000,%00000000,0
2019-05-07 02:04:01,19.6,0.0,23.0,0.0,27.1,0.0,19.7,0,0,%00000000,%00000000,0
2019-05-07 03:04:01,19.5,0.0,23.0,0.0,27.1,0.0,22.6,0,0,%00000000,%00000000,0
2019-05-07 04:04:01,19.4,0.0,23.0,0.0,26.3,0.0,21.5,0,0,%00000000,%00000000,0
2019-05-07 05:04:01,19.2,0.0,23.0,0.0,25.9,0.0,21.7,0,0,%00000000,%00000000,0
2019-05-07 06:04:01,19.1,0.0,23.0,0.0,27.4,0.0,24.0,0,0,%00000000,%00000000,0
2019-05-07 07:04:01,18.9,0.0,23.0,0.0,27.9,0.0,25.0,0,0,%00000000,%00000000,0
2019-05-07 08:04:01,18.8,0.0,23.0,0.0,28.5,0.0,22.1,0,0,%00000000,%00000000,0
2019-05-07 09:04:01,18.7,0.0,23.0,0.0,28.7,0.0,24.1,0,0,%00000000,%00000000,0
2019-05-07 10:04:01,18.7,0.0,23.0,0.0,29.0,0.0,25.0,0,0,%00000000,%00000000,0
2019-05-07 11:04:01,18.9,0.0,23.0,0.0,29.2,0.0,25.8,0,0,%00000000,%00000000,0
2019-05-07 12:04:01,19.0,0.0,23.0,0.0,29.3,0.0,26.4,0,0,%00000000,%00000000,0
2019-05-07 13:04:01,19.2,0.0,23.0,0.0,29.5,0.0,26.8,0,0,%00000000,%00000000,0
2019-05-07 14:04:01,19.4,0.0,23.0,0.0,29.5,0.0,27.2,0,0,%00000000,%00000000,0
2019-05-07 15:04:01,19.7,0.0,23.0,0.0,29.5,0.0,27.5,0,0,%00000000,%00000000,0
2019-05-07 16:04:01,20.0,0.0,23.0,0.0,29.4,0.0,27.7,0,0,%00000000,%00000000,0
2019-05-07 17:04:01,20.3,0.0,23.0,0.0,29.3,0.0,27.9,0,0,%00000000,%00000000,0
2019-05-07 18:04:01,20.5,0.0,23.0,0.0,29.2,0.0,27.9,0,0,%00000000,%00000000,0
2019-05-07 19:04:01,20.6,0.0,23.0,0.0,29.0,0.0,27.9,0,0,%00000000,%00000000,0
2019-05-07 20:04:01,20.7,0.0,23.0,0.0,28.8,0.0,27.9,0,0,%00000000,%00000000,0
2019-05-07 21:04:01,20.7,0.0,23.0,0.0,28.5,0.0,27.9,0,0,%00000000,%00000000,0
2019-05-07 22:04:01,20.7,0.0,23.0,0.0,28.1,0.0,27.8,0,0,%00000000,%00000000,0
2019-05-07 23:04:01,20.6,0.0,23.0,0.0,27.6,0.0,27.6,0,0,%00000000,%00000000,0
2019-05-08 00:04:01,20.5,0.0,23.0,0.0,27.4,0.0,27.4,0,0,%00000000,%00000000,0
2019-05-08 01:04:01,20.4,0.0,23.0,0.0,27.4,0.0,27.5,0,0,%00000000,%00000000,0
2019-05-08 02:04:01,20.2,0.0,23.0,0.0,27.4,0.0,27.6,0,0,%00000000,%00000000,0
2019-05-08 03:04:01,20.1,0.0,23.0,0.0,27.7,0.0,27.7,0,0,%00000000,%00000000,0
2019-05-08 04:04:01,20.0,0.0,23.0,0.0,28.2,0.0,28.0,0,0,%00000000,%00000000,0
2019-05-08 05:04:01,19.9,0.0,23.0,0.0,28.7,0.0,28.4,0,0,%00000000,%00000000,0
2019-05-08 06:04:01,19.7,0.0,23.0,0.0,29.3,0.0,27.5,0,0,%00000000,%00000000,0
2019-05-08 07:04:01,19.6,0.0,23.0,0.0,29.8,0.0,28.0,0,0,%00000000,%00000000,0
2019-05-08 08:04:01,19.6,0.0,23.0,0.0,30.1,0.0,23.4,0,0,%00000000,%00000000,0
2019-05-08 16:41:01,20.4,0.0,23.0,0.0,28.2,0.0,26.2,0,0,%00000000,%00000000,0
2019-05-08 17:41:01,20.5,0.0,23.0,0.0,27.3,0.0,23.6,0,0,%00000000,%00000000,0
2019-05-08 18:41:01,20.7,0.0,23.0,0.0,26.8,0.0,24.1,0,0,%00000000,%00000000,0
2019-05-08 19:41:01,20.9,0.0,23.0,0.0,26.7,0.0,24.4,0,0,%00000000,%00000000,0
2019-05-08 20:41:01,21.1,0.0,23.0,0.0,26.8,0.0,24.7,0,0,%00000000,%00000000,0
2019-05-08 21:41:01,21.2,0.0,23.0,0.0,27.0,0.0,23.5,0,0,%00000000,%00000000,0
2019-05-08 22:41:01,21.3,0.0,0.0,0.0,0.0,0.0,0.0,0,0,%00000000,%00000000,0
2019-05-08 23:41:01,21.4,0.0,0.0,0.0,0.0,0.0,0.0,0,0,%00000000,%00000000,0
2019-05-09 00:41:01,21.4,0.0,0.0,0.0,0.0,0.0,0.0,0,0,%00000000,%00000000,0
2019-05-09 01:41:01,21.4,0.0,0.0,0.0,0.0,0.0,0.0,0,0,%00000000,%00000000,0
2019-05-09 02:41:01,21.4,0.0,0.0,0.0,0.0,0.0,0.0,0,0,%00000000,%00000000,0
2019-05-09 03:41:01,21.4,0.0,0.0,0.0,0.0,0.0,0.0,0,0,%00000000,%00000000,0
2019-05-09 04:41:01,21.3,0.0,0.0,0.0,0.0,0.0,0.0,0,0,%00000000,%00000000,0
2019-05-09 05:41:01,21.3,0.0,0.0,0.0,0.0,0.0,0.0,0,0,%00000000,%00000000,0
2019-05-09 06:41:01,21.3,0.0,0.0,0.0,0.0,0.0,0.0,0,0,%00000000,%00000000,0
2019-05-09 07:41:01,21.3,0.0,0.0,0.0,0.0,0.0,0.0,0,0,%00000000,%00000000,0
2019-05-09 08:41:01,21.3,0.0,0.0,0.0,0.0,0.0,0.0,0,0,%00000000,%00000000,0
2019-05-09 09:41:01,21.4,0.0,0.0,0.0,0.0,0.0,0.0,0,0,%00000000,%00000000,0
2019-05-09 10:59:01,23.8,0.0,0.0,0.0,0.0,0.0,0.0,0,0,%00000000,%00000000,0
2019-05-09 12:00:01,25.4,0.0,0.0,0.0,0.0,0.0,0.0,0,0,%00000000,%00000000,0
2019-05-09 13:00:01,26.5,0.0,0.0,0.0,0.0,0.0,0.0,0,0,%00000000,%00000000,0
2019-05-09 14:00:01,27.3,0.0,0.0,0.0,0.0,0.0,0.0,0,0,%00000000,%00000000,0
2019-05-09 15:00:01,27.5,0.0,0.0,0.0,0.0,0.0,0.0,0,0,%00000000,%00000000,0
2019-05-09 16:00:01,27.6,0.0,0.0,0.0,0.0,0.0,0.0,0,0,%00000000,%00000000,0
2019-05-09 17:00:01,27.8,0.0,0.0,0.0,0.0,0.0,0.0,0,0,%00000000,%00000000,0
2019-05-09 18:00:01,28.0,0.0,0.0,0.0,0.0,0.0,0.0,0,0,%00000000,%00000000,0
2019-05-09 19:00:01,28.2,0.0,0.0,0.0,0.0,0.0,0.0,0,0,%00000000,%00000000,0
2019-05-09 20:00:01,28.3,0.0,0.0,0.0,0.0,0.0,0.0,0,0,%00000000,%00000000,0
2019-05-09 21:00:01,28.4,0.0,0.0,0.0,0.0,0.0,0.0,0,0,%00000000,%00000000,0
2019-05-09 22:00:01,28.4,0.0,0.0,0.0,0.0,0.0,0.0,0,0,%00000000,%00000000,0
2019-05-09 23:00:01,28.4,0.0,0.0,0.0,0.0,0.0,0.0,0,0,%00000000,%00000000,0
2019-05-10 00:00:01,28.3,0.0,0.0,0.0,0.0,0.0,0.0,0,0,%00000000,%00000000,0
2019-05-10 01:00:01,28.3,0.0,0.0,0.0,0.0,0.0,0.0,0,0,%00000000,%00000000,0
2019-05-10 02:00:01,28.2,0.0,0.0,0.0,0.0,0.0,0.0,0,0,%00000000,%00000000,0
2019-05-10 03:00:01,28.2,0.0,0.0,0.0,0.0,0.0,0.0,0,0,%00000000,%00000000,0
2019-05-10 04:00:01,28.1,0.0,0.0,0.0,0.0,0.0,0.0,0,0,%00000000,%00000000,0
2019-05-10 05:00:01,28.0,0.0,0.0,0.0,0.0,0.0,0.0,0,0,%00000000,%00000000,0
2019-05-10 06:00:01,27.9,0.0,0.0,0.0,0.0,0.0,0.0,0,0,%00000000,%00000000,0
2019-05-10 07:00:01,27.9,0.0,0.0,0.0,0.0,0.0,0.0,0,0,%00000000,%00000000,0
2019-05-10 08:00:01,27.9,0.0,0.0,0.0,0.0,0.0,0.0,0,0,%00000000,%00000000,0
2019-05-10 09:42:01,28.0,0.0,0.0,0.0,0.0,0.0,0.0,0,0,%00000000,%00000000,0
2019-05-10 10:42:01,27.9,0.0,0.0,0.0,0.0,0.0,0.0,0,0,%00000000,%00000000,0
2019-05-10 11:42:01,28.0,0.0,0.0,0.0,0.0,0.0,0.0,0,0,%00000000,%00000000,0
2019-05-10 12:42:01,28.0,0.0,0.0,0.0,0.0,0.0,0.0,0,0,%00000000,%00000000,0
2019-05-10 13:42:01,28.1,0.0,0.0,0.0,0.0,0.0,0.0,0,0,%00000000,%00000000,0
2019-05-10 14:42:01,28.3,0.0,0.0,0.0,0.0,0.0,0.0,0,0,%00000000,%00000000,0
2019-05-10 15:42:01,28.6,0.0,0.0,0.0,0.0,0.0,0.0,0,0,%00000000,%00000000,0
2019-05-10 16:42:01,28.7,0.0,0.0,0.0,0.0,0.0,0.0,0,0,%00000000,%00000000,0
2019-05-10 17:42:01,28.9,0.0,0.0,0.0,0.0,0.0,0.0,0,0,%00000000,%00000000,0
2019-05-10 18:42:01,29.0,0.0,0.0,0.0,0.0,0.0,0.0,0,0,%00000000,%00000000,0
2019-05-10 19:42:01,29.1,0.0,0.0,0.0,0.0,0.0,0.0,0,0,%00000000,%00000000,0
2019-05-10 20:42:01,29.2,0.0,0.0,0.0,0.0,0.0,0.0,0,0,%00000000,%00000000,0
2019-05-10 21:42:01,29.3,0.0,0.0,0.0,0.0,0.0,0.0,0,0,%00000000,%00000000,0
2019-05-10 22:42:01,29.3,0.0,0.0,0.0,0.0,0.0,0.0,0,0,%00000000,%00000000,0
2019-05-10 23:42:01,29.4,0.0,0.0,0.0,0.0,0.0,0.0,0,0,%00000000,%00000000,0
2019-05-11 00:42:01,29.4,0.0,0.0,0.0,0.0,0.0,0.0,0,0,%00000000,%00000000,0
2019-05-11 01:42:01,29.3,0.0,0.0,0.0,0.0,0.0,0.0,0,0,%00000000,%00000000,0
2019-05-11 02:42:01,29.2,0.0,0.0,0.0,0.0,0.0,0.0,0,0,%00000000,%00000000,0
2019-05-11 03:42:01,29.2,0.0,0.0,0.0,0.0,0.0,0.0,0,0,%00000000,%00000000,0
2019-05-11 04:42:01,29.1,0.0,0.0,0.0,0.0,0.0,0.0,0,0,%00000000,%00000000,0
2019-05-11 05:42:01,29.0,0.0,0.0,0.0,0.0,0.0,0.0,0,0,%00000000,%00000000,0
