NR,t_HydrTa,t_cool_water,t_Column,t_HdStUp,t_HdStLw,t_Envir,t_RigAnt,t_RMnPos,t_Amb_Mn,t_FondMn,t_SxRiga,t_DxRiga,t_SxAmb,t_DxAmb,t_SxFond,t_DxFond,PLC_Byte,PLC_Byt2,PLC_VAL,DataTime
1,+26.2,+3137,+20.1,+21.1,+20.7,+25.2,+19.2,+19.5,+19.5,+19.7,+18.6,+19.2,+18.8,+19.2,+18.8,+18.9,%00000000,%00000000,+0,13:32:15 05.07.2021
2,+26.2,+3137,+20.1,+21.1,+20.7,+25.2,+19.2,+19.5,+19.5,+19.7,+18.6,+19.2,+18.8,+19.2,+18.8,+18.9,%00000000,%00000000,+0,13:32:16 05.07.2021
3,+26.2,+3137,+20.1,+21.1,+20.7,+25.2,+19.2,+19.5,+19.5,+19.7,+18.6,+19.2,+18.8,+19.2,+18.8,+18.9,%00000000,%00000000,+0,13:32:16 05.07.2021
4,+26.2,+3137,+20.1,+21.1,+20.7,+25.2,+19.2,+19.5,+19.5,+19.7,+18.6,+19.2,+18.8,+19.2,+18.8,+18.9,%00000000,%00000000,+0,13:32:16 05.07.2021
5,+26.2,+3137,+20.1,+21.1,+20.7,+25.2,+19.2,+19.5,+19.5,+19.7,+18.6,+19.2,+18.8,+19.2,+18.8,+18.9,%00000000,%00000000,+0,13:32:17 05.07.2021
6,+26.2,+3137,+20.1,+21.1,+20.7,+25.2,+19.2,+19.5,+19.5,+19.7,+18.7,+19.2,+18.8,+19.2,+18.8,+18.9,%00000000,%00000000,+0,13:32:17 05.07.2021
7,+26.2,+3137,+20.1,+21.1,+20.7,+25.2,+19.2,+19.5,+19.5,+19.7,+18.7,+19.2,+18.8,+19.2,+18.8,+18.9,%00000000,%00000000,+0,13:32:17 05.07.2021
8,+26.2,+3137,+20.1,+21.1,+20.7,+25.2,+19.2,+19.5,+19.5,+19.7,+18.7,+19.2,+18.8,+19.2,+18.8,+18.9,%00000000,%00000000,+0,13:32:18 05.07.2021
9,+26.2,+3137,+20.1,+21.1,+20.7,+25.3,+19.2,+19.5,+19.5,+19.7,+18.7,+19.2,+18.8,+19.2,+18.8,+18.9,%00000000,%00000000,+0,13:32:18 05.07.2021
10,+26.3,+3137,+20.1,+21.1,+20.7,+25.3,+19.2,+19.5,+19.5,+19.7,+18.7,+19.2,+18.8,+19.2,+18.8,+18.9,%00000000,%00000000,+0,13:32:38 05.07.2021
11,+26.3,+3137,+20.1,+21.1,+20.7,+25.3,+19.2,+19.5,+19.5,+19.7,+18.7,+19.2,+18.8,+19.2,+18.8,+18.9,%00000000,%00000000,+0,13:32:39 05.07.2021
12,+26.3,+3137,+20.1,+21.1,+20.7,+25.3,+19.2,+19.5,+19.5,+19.7,+18.7,+19.2,+18.8,+19.2,+18.8,+18.9,%00000000,%00000000,+0,13:32:39 05.07.2021
13,+26.3,+3137,+20.1,+21.1,+20.7,+25.3,+19.2,+19.5,+19.5,+19.7,+18.7,+19.2,+18.8,+19.2,+18.8,+18.9,%00000000,%00000000,+0,13:32:39 05.07.2021
14,+26.3,+3137,+20.1,+21.1,+20.7,+25.3,+19.2,+19.5,+19.5,+19.7,+18.7,+19.2,+18.8,+19.2,+18.8,+18.9,%00000000,%00000000,+0,13:32:40 05.07.2021
15,+26.3,+3137,+20.1,+21.1,+20.7,+25.3,+19.2,+19.5,+19.5,+19.7,+18.7,+19.2,+18.8,+19.2,+18.8,+18.9,%00000000,%00000000,+0,13:32:40 05.07.2021
16,+26.3,+3137,+20.1,+21.1,+20.7,+25.2,+19.2,+19.5,+19.5,+19.7,+18.7,+19.2,+18.8,+19.2,+18.8,+18.9,%00000000,%00000000,+0,13:34:01 05.07.2021
17,+26.3,+3137,+20.1,+21.1,+20.8,+25.2,+19.2,+19.5,+19.5,+19.7,+18.7,+19.2,+18.8,+19.2,+18.8,+18.9,%00000000,%00000000,+0,13:36:01 05.07.2021
18,+26.4,+3137,+20.1,+21.1,+20.8,+25.3,+19.2,+19.5,+19.5,+19.8,+18.7,+19.2,+18.8,+19.2,+18.8,+18.9,%00000000,%00000000,+0,13:38:01 05.07.2021
19,+26.4,+3137,+20.1,+21.1,+20.8,+25.3,+19.2,+19.5,+19.5,+19.8,+18.7,+19.2,+18.8,+19.2,+18.8,+18.9,%00000000,%00000000,+0,13:40:01 05.07.2021
20,+26.4,+3137,+20.1,+21.1,+20.8,+25.4,+19.2,+19.5,+19.5,+19.8,+18.7,+19.2,+18.8,+19.2,+18.8,+18.9,%00000000,%00000000,+0,13:41:14 05.07.2021
21,+26.4,+3137,+20.1,+21.1,+20.8,+25.4,+19.2,+19.5,+19.5,+19.8,+18.7,+19.2,+18.8,+19.2,+18.8,+18.9,%00000000,%00000000,+0,13:41:16 05.07.2021
22,+26.4,+3137,+20.1,+21.1,+20.8,+25.4,+19.2,+19.5,+19.5,+19.8,+18.7,+19.2,+18.8,+19.2,+18.8,+18.9,%00000000,%00000000,+0,13:41:20 05.07.2021
23,+26.4,+3137,+20.1,+21.1,+20.8,+25.4,+19.2,+19.5,+19.5,+19.8,+18.7,+19.2,+18.8,+19.2,+18.8,+18.9,%00000000,%00000000,+0,13:41:23 05.07.2021
24,+26.4,+3137,+20.1,+21.1,+20.8,+25.3,+19.2,+19.5,+19.5,+19.8,+18.6,+19.2,+18.8,+19.2,+18.8,+18.9,%00000000,%00000000,+0,13:43:01 05.07.2021
25,+26.5,+3137,+20.1,+21.1,+20.8,+25.4,+19.2,+19.5,+19.5,+19.7,+18.6,+19.2,+18.8,+19.2,+18.8,+18.9,%00000000,%00000000,+0,13:45:01 05.07.2021
26,+26.6,+3137,+20.1,+21.1,+20.8,+25.5,+19.2,+19.5,+19.4,+19.7,+18.6,+19.2,+18.8,+19.2,+18.8,+18.9,%00000000,%00000000,+0,13:47:01 05.07.2021
27,+26.6,+3137,+20.1,+21.1,+20.8,+25.4,+19.2,+19.5,+19.4,+19.7,+18.5,+19.2,+18.8,+19.2,+18.8,+18.9,%00000000,%00000000,+0,13:49:01 05.07.2021
28,+26.7,+3137,+20.1,+21.1,+20.8,+25.4,+19.2,+19.5,+19.4,+19.7,+18.5,+19.2,+18.8,+19.2,+18.8,+18.9,%00000000,%00000000,+0,13:51:01 05.07.2021
29,+26.7,+3137,+20.1,+21.1,+20.8,+25.3,+19.2,+19.5,+19.4,+19.8,+18.5,+19.2,+18.8,+19.2,+18.8,+18.9,%00000000,%00000000,+0,13:51:41 05.07.2021
30,+26.7,+3137,+20.1,+21.1,+20.8,+25.3,+19.2,+19.5,+19.4,+19.8,+18.5,+19.2,+18.8,+19.2,+18.8,+18.9,%00000000,%00000000,+0,13:51:59 05.07.2021
31,+26.7,+3137,+20.1,+21.1,+20.8,+25.3,+19.2,+19.5,+19.4,+19.7,+18.5,+19.2,+18.8,+19.2,+18.8,+18.9,%00000000,%00000000,+0,13:53:01 05.07.2021
32,+26.7,+3137,+20.1,+21.1,+20.8,+25.3,+19.2,+19.5,+19.4,+19.7,+18.5,+19.1,+18.8,+19.2,+18.8,+18.9,%00000000,%00000000,+0,13:55:01 05.07.2021
33,+26.7,+3137,+20,+21.1,+20.7,+25.3,+19.2,+19.5,+19.4,+19.7,+18.5,+19.1,+18.8,+19.2,+18.8,+18.9,%00000000,%00000000,+0,13:57:01 05.07.2021
34,+26.8,+3137,+20,+21.1,+20.7,+25.4,+19.2,+19.5,+19.4,+19.7,+18.5,+19.1,+18.8,+19.2,+18.8,+18.9,%00000000,%00000000,+0,13:59:01 05.07.2021
35,+26.7,+3137,+20,+21.1,+20.7,+25.2,+19.2,+19.5,+19.4,+19.7,+18.5,+19.1,+18.8,+19.2,+18.7,+18.9,%00000000,%00000000,+0,14:01:01 05.07.2021
36,+26.7,+3137,+20,+21.1,+20.7,+25.3,+19.2,+19.5,+19.4,+19.7,+18.5,+19.1,+18.8,+19.1,+18.7,+18.9,%00000000,%00000000,+0,14:03:01 05.07.2021
37,+26.8,+3137,+20,+21.1,+20.7,+25.3,+19.2,+19.5,+19.4,+19.7,+18.5,+19.1,+18.8,+19.2,+18.7,+18.9,%00000000,%00000000,+0,14:05:01 05.07.2021
38,+26.8,+3137,+20,+21.1,+20.7,+25.2,+19.2,+19.5,+19.4,+19.7,+18.5,+19.1,+18.8,+19.1,+18.7,+18.9,%00000000,%00000000,+0,14:07:01 05.07.2021
39,+26.8,+3137,+20,+21.1,+20.7,+25.3,+19.2,+19.5,+19.3,+19.7,+18.5,+19.1,+18.8,+19.1,+18.7,+18.9,%00000000,%00000000,+0,14:09:01 05.07.2021
40,+26.9,+3137,+19.9,+21.1,+20.7,+25.2,+19.2,+19.5,+19.3,+19.7,+18.5,+19.1,+18.8,+19.1,+18.7,+18.9,%00000000,%00000000,+0,14:11:01 05.07.2021
41,+26.9,+3137,+19.9,+21.1,+20.7,+25.2,+19.1,+19.5,+19.3,+19.7,+18.5,+19.1,+18.8,+19.1,+18.7,+18.9,%00000000,%00000000,+0,14:13:01 05.07.2021
42,+26.9,+3137,+19.9,+21.1,+20.7,+25.1,+19.1,+19.5,+19.3,+19.7,+18.5,+19.1,+18.8,+19.1,+18.7,+18.9,%00000000,%00000000,+0,14:14:57 05.07.2021
43,+26.9,+3137,+19.9,+21.1,+20.7,+25,+19.1,+19.5,+19.3,+19.7,+18.5,+19.1,+18.8,+19.1,+18.7,+18.9,%00000000,%00000000,+0,14:14:59 05.07.2021
44,+27,+3137,+19.9,+21.1,+20.7,+25,+19.2,+19.5,+19.3,+19.7,+18.5,+19.1,+18.8,+19.1,+18.7,+18.9,%00000000,%00000000,+0,14:16:01 05.07.2021
45,+27,+3137,+19.9,+21,+20.7,+25.2,+19.1,+19.5,+19.3,+19.7,+18.5,+19.1,+18.8,+19.1,+18.7,+18.9,%00000000,%00000000,+0,14:18:01 05.07.2021
46,+27.1,+3137,+19.9,+21,+20.7,+25.3,+19.1,+19.5,+19.3,+19.7,+18.5,+19.1,+18.8,+19.1,+18.7,+18.9,%00000000,%00000000,+0,14:20:01 05.07.2021
47,+27.1,+3137,+19.9,+21,+20.7,+25.2,+19.1,+19.5,+19.3,+19.7,+18.5,+19.1,+18.8,+19.1,+18.7,+18.9,%00000000,%00000000,+0,14:22:01 05.07.2021
48,+27.1,+3137,+19.9,+21,+20.7,+25.2,+19.1,+19.5,+19.3,+19.7,+18.5,+19,+18.8,+19.1,+18.7,+18.9,%00000000,%00000000,+0,14:24:01 05.07.2021
49,+27.1,+3137,+19.9,+21,+20.7,+25.2,+19.1,+19.5,+19.3,+19.7,+18.5,+19,+18.8,+19.1,+18.7,+18.9,%00000000,%00000000,+0,14:26:01 05.07.2021
50,+27.2,+3137,+19.9,+21,+20.7,+25.3,+19.1,+19.5,+19.3,+19.7,+18.5,+19,+18.8,+19.1,+18.7,+18.9,%00000000,%00000000,+0,14:28:01 05.07.2021
51,+27.2,+3137,+19.9,+21,+20.7,+25.3,+19.1,+19.5,+19.3,+19.7,+18.5,+19,+18.8,+19.1,+18.7,+18.9,%00000000,%00000000,+0,14:30:01 05.07.2021
52,+27.2,+3137,+19.9,+21,+20.7,+25.3,+19.1,+19.5,+19.3,+19.7,+18.5,+19,+18.8,+19.1,+18.7,+18.9,%00000000,%00000000,+0,14:32:01 05.07.2021
53,+27.3,+3137,+19.9,+21,+20.7,+25.5,+19.1,+19.5,+19.3,+19.7,+18.6,+19.1,+18.8,+19.2,+18.7,+18.9,%00000000,%00000000,+0,14:34:01 05.07.2021
54,+27.3,+3137,+19.9,+21,+20.7,+25.6,+19.1,+19.5,+19.4,+19.7,+18.6,+19.1,+18.8,+19.2,+18.7,+18.9,%00000000,%00000000,+0,14:36:01 05.07.2021
55,+27.3,+3137,+20,+21,+20.7,+25.6,+19.1,+19.5,+19.4,+19.7,+18.6,+19.1,+18.8,+19.2,+18.7,+18.9,%00000000,%00000000,+0,14:36:40 05.07.2021
56,+27.3,+3137,+20,+21,+20.7,+25.6,+19.1,+19.5,+19.4,+19.7,+18.6,+19.1,+18.8,+19.2,+18.7,+18.9,%00000000,%00000000,+0,14:36:41 05.07.2021
57,+27.3,+3137,+20,+21,+20.7,+25.6,+19.1,+19.5,+19.4,+19.7,+18.6,+19.1,+18.8,+19.2,+18.7,+18.9,%00000000,%00000000,+0,14:36:42 05.07.2021
58,+27.3,+3137,+20,+21,+20.7,+25.6,+19.1,+19.5,+19.4,+19.7,+18.6,+19.1,+18.8,+19.2,+18.7,+18.9,%00000000,%00000000,+0,14:36:43 05.07.2021
59,+27.3,+3137,+20,+21,+20.7,+25.6,+19.1,+19.5,+19.4,+19.7,+18.6,+19.1,+18.8,+19.2,+18.7,+18.9,%00000000,%00000000,+0,14:36:43 05.07.2021
60,+27.3,+3137,+20,+21,+20.7,+25.6,+19.1,+19.5,+19.4,+19.7,+18.6,+19.1,+18.8,+19.2,+18.7,+18.9,%00000000,%00000000,+0,14:36:44 05.07.2021
61,+27.3,+3137,+20,+21,+20.7,+25.6,+19.1,+19.5,+19.4,+19.7,+18.6,+19.1,+18.8,+19.2,+18.7,+18.9,%00000000,%00000000,+0,14:36:44 05.07.2021
62,+27.3,+3137,+20,+21,+20.7,+25.6,+19.1,+19.5,+19.4,+19.7,+18.6,+19.1,+18.8,+19.2,+18.7,+18.9,%00000000,%00000000,+0,14:36:45 05.07.2021
63,+27.3,+3137,+20,+21,+20.7,+25.6,+19.1,+19.5,+19.4,+19.7,+18.6,+19.1,+18.8,+19.2,+18.7,+18.9,%00000000,%00000000,+0,14:36:48 05.07.2021
64,+27.3,+3137,+20,+21,+20.7,+25.6,+19.1,+19.5,+19.4,+19.7,+18.6,+19.1,+18.8,+19.2,+18.7,+18.9,%00000000,%00000000,+0,14:37:12 05.07.2021
65,+27.4,+3137,+20,+21,+20.7,+25.7,+19.2,+19.5,+19.4,+19.7,+18.7,+19.1,+18.8,+19.2,+18.7,+18.9,%00000000,%00000000,+0,14:39:01 05.07.2021
66,+27.4,+3137,+20,+21.1,+20.7,+25.7,+19.2,+19.5,+19.4,+19.7,+18.7,+19.1,+18.8,+19.2,+18.7,+18.9,%00000000,%00000000,+0,14:41:01 05.07.2021
67,+27.4,+3137,+20,+21.1,+20.7,+25.7,+19.2,+19.5,+19.4,+19.8,+18.7,+19.2,+18.8,+19.2,+18.7,+18.9,%00000000,%00000000,+0,14:43:01 05.07.2021
68,+27.4,+3137,+20,+21.1,+20.7,+25.8,+19.2,+19.5,+19.5,+19.8,+18.7,+19.2,+18.8,+19.2,+18.7,+18.9,%00000000,%00000000,+0,14:45:01 05.07.2021
69,+27.4,+3137,+20,+21,+20.7,+25.9,+19.2,+19.5,+19.5,+19.8,+18.7,+19.2,+18.8,+19.2,+18.7,+18.9,%00000000,%00000000,+0,14:47:01 05.07.2021
70,+27.5,+3136.2,+20,+21,+20.7,+26,+19.2,+19.5,+19.5,+19.7,+18.7,+19.1,+18.8,+19.2,+18.7,+18.9,%00000000,%00000000,+0,14:49:01 05.07.2021
71,+27.5,+3136.2,+20,+21,+20.7,+26,+19.2,+19.5,+19.4,+19.7,+18.7,+19.1,+18.8,+19.2,+18.8,+18.9,%00000000,%00000000,+0,14:51:01 05.07.2021
72,+27.5,+3137,+20,+21,+20.7,+26,+19.2,+19.5,+19.5,+19.7,+18.6,+19.1,+18.8,+19.2,+18.8,+18.9,%00000000,%00000000,+0,14:53:01 05.07.2021
73,+27.5,+3137,+20,+21,+20.7,+26,+19.2,+19.5,+19.4,+19.7,+18.6,+19.2,+18.8,+19.2,+18.7,+18.9,%00000000,%00000000,+0,14:55:01 05.07.2021
74,+27.5,+3137,+20,+21,+20.7,+26,+19.2,+19.5,+19.4,+19.7,+18.6,+19.2,+18.8,+19.2,+18.7,+18.9,%00000000,%00000000,+0,14:57:01 05.07.2021
75,+27.6,+3136.2,+20,+21,+20.7,+26.1,+19.2,+19.5,+19.4,+19.7,+18.6,+19.1,+18.8,+19.2,+18.8,+18.9,%00000000,%00000000,+0,14:59:01 05.07.2021
76,+27.6,+3137,+20,+21,+20.7,+26.1,+19.2,+19.5,+19.4,+19.7,+18.6,+19.1,+18.8,+19.2,+18.8,+18.9,%00000000,%00000000,+0,15:01:01 05.07.2021
77,+27.6,+3137,+20,+21,+20.7,+26.1,+19.2,+19.4,+19.4,+19.7,+18.6,+19,+18.8,+19.2,+18.7,+18.9,%00000000,%00000000,+0,15:03:01 05.07.2021
78,+27.6,+3137,+20,+21,+20.7,+26.1,+19.2,+19.4,+19.4,+19.7,+18.6,+19,+18.8,+19.2,+18.8,+18.9,%00000000,%00000000,+0,15:05:01 05.07.2021
79,+27.6,+3137,+20,+21,+20.7,+25.9,+19.2,+19.4,+19.4,+19.7,+18.5,+19,+18.8,+19.2,+18.8,+18.9,%00000000,%00000000,+0,15:07:01 05.07.2021
80,+27.6,+3137,+20,+21,+20.7,+26,+19.2,+19.5,+19.4,+19.7,+18.5,+19,+18.8,+19.2,+18.7,+18.9,%00000000,%00000000,+0,15:09:01 05.07.2021
81,+27.6,+3137,+20,+21,+20.7,+26.1,+19.2,+19.5,+19.4,+19.7,+18.5,+19,+18.8,+19.2,+18.7,+18.9,%00000000,%00000000,+0,15:11:01 05.07.2021
82,+27.7,+3137,+20,+21,+20.7,+26,+19.2,+19.5,+19.4,+19.7,+18.5,+19.1,+18.8,+19.2,+18.7,+18.9,%00000000,%00000000,+0,15:13:01 05.07.2021
83,+27.7,+3137,+20,+21,+20.7,+26,+19.2,+19.5,+19.4,+19.7,+18.5,+19.1,+18.8,+19.2,+18.7,+18.9,%00000000,%00000000,+0,15:15:01 05.07.2021
84,+27.7,+3137,+20,+21,+20.7,+26,+19.2,+19.5,+19.4,+19.7,+18.5,+19.1,+18.8,+19.2,+18.7,+18.9,%00000000,%00000000,+0,15:17:01 05.07.2021
85,+27.7,+3137,+20,+21,+20.7,+25.9,+19.2,+19.5,+19.4,+19.7,+18.5,+19.1,+18.8,+19.2,+18.7,+18.9,%00000000,%00000000,+0,15:19:01 05.07.2021
86,+27.7,+3137,+20,+21,+20.7,+26,+19.2,+19.5,+19.4,+19.7,+18.5,+19.2,+18.8,+19.2,+18.7,+18.9,%00000000,%00000000,+0,15:21:01 05.07.2021
87,+27.7,+3137,+20,+21,+20.7,+26,+19.2,+19.5,+19.4,+19.7,+18.5,+19.1,+18.8,+19.2,+18.7,+18.9,%00000000,%00000000,+0,15:23:01 05.07.2021
88,+27.8,+3137,+20,+21,+20.7,+25.9,+19.2,+19.5,+19.3,+19.7,+18.5,+19.1,+18.8,+19.2,+18.7,+18.9,%00000000,%00000000,+0,15:25:01 05.07.2021
89,+27.8,+3137,+20,+21,+20.7,+25.9,+19.2,+19.5,+19.3,+19.7,+18.5,+19.1,+18.8,+19.2,+18.7,+18.9,%00000000,%00000000,+0,15:27:01 05.07.2021
90,+27.8,+3137,+20,+21,+20.7,+25.9,+19.2,+19.5,+19.4,+19.7,+18.5,+19.1,+18.8,+19.2,+18.7,+18.9,%00000000,%00000000,+0,15:29:01 05.07.2021
91,+27.6,+3137,+20,+21,+20.7,+26,+19.2,+19.5,+19.3,+19.7,+18.5,+19.1,+18.8,+19.2,+18.7,+18.9,%00000000,%00000000,+0,15:31:01 05.07.2021
92,+27.6,+3137,+20,+21,+20.7,+26,+19.2,+19.5,+19.3,+19.7,+18.5,+19.1,+18.8,+19.2,+18.7,+18.9,%00000000,%00000000,+0,15:33:01 05.07.2021
93,+27.7,+3137,+20,+21,+20.7,+26.1,+19.2,+19.5,+19.3,+19.7,+18.5,+19.1,+18.8,+19.2,+18.7,+18.9,%00000000,%00000000,+0,15:35:01 05.07.2021
94,+27.7,+3137,+20,+21,+20.7,+26.1,+19.2,+19.5,+19.3,+19.7,+18.5,+19.1,+18.8,+19.2,+18.7,+18.9,%00000000,%00000000,+0,15:37:01 05.07.2021
95,+27.4,+3137,+20,+21,+20.7,+26.1,+19.2,+19.5,+19.3,+19.7,+18.6,+19.1,+18.8,+19.2,+18.7,+18.9,%00000000,%00000000,+0,15:39:01 05.07.2021
96,+26.6,+3137,+20,+21,+20.7,+26.1,+19.2,+19.5,+19.3,+19.7,+18.6,+19.1,+18.8,+19.2,+18.7,+18.9,%00000000,%00000000,+0,15:41:01 05.07.2021
97,+26.6,+3137,+20,+21,+20.7,+26.1,+19.2,+19.5,+19.3,+19.7,+18.6,+19.1,+18.8,+19.2,+18.7,+18.9,%00000000,%00000000,+0,15:43:01 05.07.2021
98,+26.5,+3137,+20,+21,+20.7,+26,+19.2,+19.5,+19.3,+19.7,+18.6,+19.1,+18.8,+19.2,+18.7,+18.9,%00000000,%00000000,+0,15:45:01 05.07.2021
99,+26.4,+3137,+20,+21,+20.7,+26,+19.2,+19.5,+19.3,+19.7,+18.6,+19.1,+18.8,+19.2,+18.7,+18.9,%00000000,%00000000,+0,15:47:01 05.07.2021
100,+26.3,+3137,+20,+21,+20.7,+26,+19.2,+19.5,+19.4,+19.7,+18.6,+19.1,+18.8,+19.2,+18.7,+18.9,%00000000,%00000000,+0,15:50:01 05.07.2021
101,+26.3,+3137,+20,+21,+20.7,+26,+19.2,+19.5,+19.4,+19.7,+18.6,+19.1,+18.8,+19.2,+18.7,+18.9,%00000000,%00000000,+0,15:52:01 05.07.2021
102,+26.4,+3137,+20,+21,+20.7,+26.1,+19.2,+19.5,+19.4,+19.7,+18.6,+19.1,+18.8,+19.2,+18.7,+18.9,%00000000,%00000000,+0,15:54:01 05.07.2021
103,+26.2,+3137,+20,+21,+20.7,+26.1,+19.2,+19.5,+19.4,+19.7,+18.6,+19.2,+18.8,+19.2,+18.7,+18.9,%00000000,%00000000,+0,15:56:01 05.07.2021
104,+26.3,+3137,+20,+21,+20.7,+26,+19.2,+19.5,+19.4,+19.7,+18.6,+19.1,+18.8,+19.2,+18.7,+18.9,%00000000,%00000000,+0,15:58:01 05.07.2021
105,+26.1,+3137,+20,+21,+20.7,+26.1,+19.2,+19.5,+19.4,+19.7,+18.6,+19.2,+18.8,+19.2,+18.7,+18.9,%00000000,%00000000,+0,16:00:01 05.07.2021
106,+26.3,+3137,+20,+21,+20.7,+26.1,+19.2,+19.5,+19.4,+19.7,+18.6,+19.2,+18.8,+19.2,+18.7,+18.9,%00000000,%00000000,+0,16:02:01 05.07.2021
107,+26.4,+3137,+20,+21,+20.7,+26.1,+19.2,+19.5,+19.4,+19.7,+18.6,+19.2,+18.8,+19.2,+18.7,+18.9,%00000000,%00000000,+0,16:04:01 05.07.2021
108,+26.1,+3137,+20,+21,+20.7,+26.1,+19.2,+19.5,+19.4,+19.7,+18.6,+19.2,+18.8,+19.2,+18.7,+18.9,%00000000,%00000000,+0,16:06:01 05.07.2021
109,+26.3,+3137,+20,+21,+20.7,+26.2,+19.2,+19.5,+19.4,+19.7,+18.6,+19.2,+18.8,+19.2,+18.7,+18.9,%00000000,%00000000,+0,16:08:01 05.07.2021
110,+26.4,+3137,+20,+21,+20.7,+26.2,+19.2,+19.5,+19.4,+19.7,+18.6,+19.2,+18.8,+19.2,+18.7,+19,%00000000,%00000000,+0,16:10:01 05.07.2021
111,+26.2,+3137,+20,+21,+20.7,+26.1,+19.2,+19.5,+19.4,+19.7,+18.6,+19.2,+18.8,+19.2,+18.8,+19,%00000000,%00000000,+0,16:12:01 05.07.2021
112,+26.3,+3137,+20,+21,+20.7,+26.1,+19.2,+19.5,+19.4,+19.7,+18.6,+19.2,+18.8,+19.2,+18.8,+19,%00000000,%00000000,+0,16:14:01 05.07.2021
113,+26.4,+3137,+20,+21,+20.7,+26.1,+19.2,+19.5,+19.4,+19.7,+18.6,+19.2,+18.8,+19.2,+18.7,+19,%00000000,%00000000,+0,16:16:01 05.07.2021
114,+26.5,+3137,+20,+21,+20.7,+26,+19.2,+19.5,+19.4,+19.7,+18.6,+19.2,+18.8,+19.2,+18.7,+19,%00000000,%00000000,+0,16:18:01 05.07.2021
115,+26.6,+3137,+20,+21,+20.7,+26.1,+19.2,+19.5,+19.4,+19.7,+18.6,+19.2,+18.8,+19.2,+18.7,+19,%00000000,%00000000,+0,16:20:01 05.07.2021
116,+26.7,+3137,+20,+21,+20.7,+26.1,+19.2,+19.5,+19.4,+19.7,+18.6,+19.2,+18.8,+19.2,+18.7,+19,%00000000,%00000000,+0,16:22:01 05.07.2021
117,+26.7,+3137,+20,+21,+20.7,+26.1,+19.2,+19.5,+19.4,+19.7,+18.6,+19.2,+18.8,+19.2,+18.8,+19,%00000000,%00000000,+0,16:24:01 05.07.2021
118,+26.8,+3137,+20,+21,+20.7,+26.1,+19.2,+19.5,+19.4,+19.7,+18.6,+19.2,+18.8,+19.2,+18.8,+19,%00000000,%00000000,+0,16:26:01 05.07.2021
119,+26.8,+3137,+20,+21,+20.7,+26.1,+19.2,+19.5,+19.4,+19.7,+18.6,+19.2,+18.8,+19.2,+18.7,+19,%00000000,%00000000,+0,16:28:01 05.07.2021
120,+26.8,+3137,+20,+21,+20.7,+26.1,+19.2,+19.5,+19.4,+19.7,+18.6,+19.2,+18.8,+19.2,+18.7,+19,%00000000,%00000000,+0,16:30:01 05.07.2021
121,+26.5,+3137,+20,+21,+20.7,+26.1,+19.2,+19.5,+19.4,+19.7,+18.6,+19.2,+18.8,+19.2,+18.8,+19,%00000000,%00000000,+0,16:32:01 05.07.2021
122,+26.6,+3137,+19.9,+21,+20.7,+26.1,+19.2,+19.5,+19.4,+19.7,+18.6,+19.2,+18.8,+19.2,+18.8,+19,%00000000,%00000000,+0,16:34:01 05.07.2021
123,+26.7,+3137,+19.9,+21,+20.7,+26.1,+19.2,+19.5,+19.4,+19.7,+18.6,+19.2,+18.8,+19.2,+18.8,+19,%00000000,%00000000,+0,16:36:01 05.07.2021
124,+26.4,+3137,+19.9,+21,+20.7,+26.1,+19.2,+19.5,+19.4,+19.7,+18.7,+19.2,+18.8,+19.2,+18.8,+19,%00000000,%00000000,+0,16:38:01 05.07.2021
125,+26.6,+3137,+19.9,+21,+20.7,+26.1,+19.2,+19.5,+19.4,+19.7,+18.7,+19.2,+18.8,+19.2,+18.8,+19,%00000000,%00000000,+0,16:40:01 05.07.2021
126,+26.7,+3137,+19.9,+21,+20.7,+26.1,+19.2,+19.5,+19.4,+19.7,+18.6,+19.2,+18.8,+19.2,+18.8,+19,%00000000,%00000000,+0,16:42:01 05.07.2021
127,+26.8,+3137,+19.9,+21,+20.7,+26.1,+19.2,+19.5,+19.4,+19.7,+18.6,+19.2,+18.8,+19.2,+18.8,+19,%00000000,%00000000,+0,16:44:01 05.07.2021
128,+26.8,+3137,+19.9,+21,+20.7,+26.1,+19.2,+19.5,+19.4,+19.7,+18.6,+19.2,+18.8,+19.2,+18.8,+19,%00000000,%00000000,+0,16:46:01 05.07.2021
129,+26.8,+3137,+19.9,+21,+20.7,+26.2,+19.2,+19.5,+19.4,+19.7,+18.6,+19.2,+18.8,+19.2,+18.8,+19,%00000000,%00000000,+0,16:48:01 05.07.2021
130,+26.9,+3136.2,+19.9,+21,+20.7,+26.2,+19.2,+19.5,+19.4,+19.7,+18.6,+19.2,+18.8,+19.2,+18.8,+19,%00000000,%00000000,+0,16:50:01 05.07.2021
131,+26.9,+3136.2,+19.9,+21,+20.7,+26.2,+19.2,+19.5,+19.4,+19.7,+18.6,+19.2,+18.8,+19.2,+18.8,+19,%00000000,%00000000,+0,16:52:01 05.07.2021
132,+26.9,+3137,+19.9,+21,+20.7,+26.2,+19.2,+19.5,+19.4,+19.7,+18.6,+19.2,+18.8,+19.2,+18.8,+19,%00000000,%00000000,+0,16:54:01 05.07.2021
133,+26.9,+3137,+19.9,+21,+20.7,+26.2,+19.2,+19.5,+19.4,+19.7,+18.6,+19.2,+18.8,+19.2,+18.8,+19,%00000000,%00000000,+0,16:56:01 05.07.2021
134,+26.9,+3137,+19.9,+21,+20.7,+26.2,+19.2,+19.5,+19.4,+19.7,+18.6,+19.2,+18.8,+19.2,+18.8,+19,%00000000,%00000000,+0,16:58:01 05.07.2021
135,+27,+3085.8,+19.9,+21,+20.7,+26.1,+19.2,+19.5,+19.4,+19.7,+18.6,+19.2,+18.8,+19.2,+18.8,+19,%00000000,%00000000,+0,17:00:01 05.07.2021
136,+27,+3085.8,+20,+21,+20.7,+26.2,+19.2,+19.5,+19.4,+19.7,+18.6,+19.2,+18.8,+19.2,+18.8,+19,%00000000,%00000000,+0,17:02:01 05.07.2021
137,+27,+3137,+20,+21,+20.7,+26.1,+19.2,+19.5,+19.4,+19.7,+18.6,+19.2,+18.8,+19.2,+18.8,+19,%00000000,%00000000,+0,17:04:01 05.07.2021
138,+27,+3137,+19.9,+21,+20.7,+26.1,+19.2,+19.5,+19.4,+19.7,+18.6,+19.2,+18.8,+19.2,+18.8,+19,%00000000,%00000000,+0,17:06:01 05.07.2021
139,+27.1,+3137,+19.9,+21,+20.7,+26.1,+19.2,+19.5,+19.4,+19.7,+18.6,+19.2,+18.9,+19.2,+18.8,+19,%00000000,%00000000,+0,17:08:01 05.07.2021
140,+27.1,+3124.2,+20,+21,+20.7,+26.1,+19.2,+19.5,+19.4,+19.7,+18.6,+19.2,+18.8,+19.2,+18.8,+19,%00000000,%00000000,+0,17:10:01 05.07.2021
141,+27.1,+3124.2,+20,+21.1,+20.7,+26.3,+19.2,+19.5,+19.4,+19.7,+18.6,+19.2,+18.9,+19.2,+18.8,+19,%00000000,%00000000,+0,17:13:01 05.07.2021
142,+27.2,+3123.4,+20.1,+21.1,+20.7,+26.3,+19.2,+19.5,+19.5,+19.7,+18.7,+19.2,+18.9,+19.2,+18.8,+19,%00000000,%00000000,+0,17:15:01 05.07.2021
143,+27.2,+3123.4,+20.1,+21.1,+20.7,+26.4,+19.2,+19.5,+19.5,+19.7,+18.7,+19.2,+18.9,+19.2,+18.8,+19,%00000000,%00000000,+0,17:17:01 05.07.2021
144,+27.3,+3123.4,+20.2,+21.1,+20.7,+26.4,+19.2,+19.5,+19.5,+19.8,+18.7,+19.3,+18.9,+19.2,+18.8,+19,%00000000,%00000000,+0,17:19:01 05.07.2021
145,+27.6,+3124.2,+20.3,+21.2,+20.8,+26.9,+19.2,+19.6,+19.7,+19.8,+18.9,+19.4,+18.9,+19.2,+18.9,+19.1,%00000000,%00000000,+0,17:30:01 05.07.2021
146,+27.8,+3124.2,+20.4,+21.2,+20.9,+26.8,+19.2,+19.6,+19.7,+19.8,+18.8,+19.4,+18.9,+19.2,+18.9,+19.1,%00000000,%00000000,+0,17:40:01 05.07.2021
147,+27.9,+3124.2,+20.4,+21.2,+20.9,+26.5,+19.3,+19.6,+19.7,+19.8,+18.7,+19.4,+18.9,+19.2,+18.9,+19.1,%00000000,%00000000,+0,17:50:01 05.07.2021
148,+28,+3124.2,+20.3,+21.3,+20.9,+26.3,+19.3,+19.6,+19.7,+19.7,+18.7,+19.3,+18.9,+19.2,+18.9,+19.1,%00000000,%00000000,+0,18:00:01 05.07.2021
149,+27.7,+3124.2,+20.3,+21.3,+20.9,+26.2,+19.3,+19.6,+19.6,+19.7,+18.7,+19.3,+18.9,+19.2,+18.9,+19.1,%00000000,%00000000,+0,18:10:01 05.07.2021
150,+27.6,+3124.2,+20.3,+21.3,+21,+26.2,+19.3,+19.6,+19.5,+19.7,+18.7,+19.3,+18.9,+19.2,+18.9,+19.1,%00000000,%00000000,+0,18:20:01 05.07.2021
151,+27.6,+3124.2,+20.3,+21.3,+21,+26.1,+19.3,+19.6,+19.5,+19.7,+18.7,+19.3,+18.9,+19.2,+18.9,+19.1,%00000000,%00000000,+0,18:30:01 05.07.2021
152,+27.6,+3124.2,+20.2,+21.3,+21,+26,+19.3,+19.6,+19.5,+19.7,+18.7,+19.3,+18.9,+19.2,+18.9,+19.1,%00000000,%00000000,+0,18:40:01 05.07.2021
153,+27.6,+3124.2,+20.2,+21.3,+21,+26.1,+19.3,+19.6,+19.4,+19.7,+18.7,+19.3,+18.9,+19.2,+18.9,+19.1,%00000000,%00000000,+0,18:50:01 05.07.2021
154,+27.5,+3124.2,+20.2,+21.3,+21,+26,+19.3,+19.6,+19.4,+19.7,+18.7,+19.3,+18.9,+19.2,+18.9,+19.2,%00000000,%00000000,+0,19:00:01 05.07.2021
155,+27.4,+3124.2,+20.2,+21.3,+21,+26.1,+19.3,+19.6,+19.4,+19.7,+18.7,+19.3,+18.9,+19.2,+18.9,+19.1,%00000000,%00000000,+0,19:10:01 05.07.2021
156,+27.4,+3124.2,+20.1,+21.3,+21,+26.1,+19.3,+19.6,+19.4,+19.7,+18.7,+19.3,+18.9,+19.2,+18.9,+19.2,%00000000,%00000000,+0,19:20:01 05.07.2021
157,+27.3,+3124.2,+20.1,+21.3,+20.9,+26.1,+19.3,+19.6,+19.4,+19.7,+18.7,+19.3,+18.9,+19.2,+18.9,+19.2,%00000000,%00000000,+0,19:30:01 05.07.2021
158,+27.3,+3124.2,+20.1,+21.3,+20.9,+26,+19.3,+19.6,+19.4,+19.7,+18.8,+19.3,+18.9,+19.2,+18.9,+19.2,%00000000,%00000000,+0,19:40:01 05.07.2021
159,+27.3,+3124.2,+20,+21.3,+20.9,+26,+19.3,+19.6,+19.4,+19.7,+18.7,+19.3,+18.9,+19.2,+18.9,+19.2,%00000000,%00000000,+0,19:50:01 05.07.2021
160,+27.2,+3124.2,+20,+21.3,+20.9,+25.9,+19.2,+19.6,+19.4,+19.6,+18.7,+19.3,+18.9,+19.2,+18.9,+19.2,%00000000,%00000000,+0,20:00:01 05.07.2021
161,+27.2,+3124.2,+20,+21.3,+20.9,+25.9,+19.2,+19.6,+19.4,+19.6,+18.8,+19.3,+18.9,+19.2,+18.9,+19.2,%00000000,%00000000,+0,20:10:01 05.07.2021
162,+27.2,+3124.2,+19.9,+21.3,+20.9,+25.9,+19.2,+19.6,+19.3,+19.6,+18.8,+19.3,+18.9,+19.2,+18.9,+19.2,%00000000,%00000000,+0,20:20:01 05.07.2021
163,+27.1,+3124.2,+19.9,+21.3,+20.9,+25.8,+19.2,+19.6,+19.3,+19.6,+18.7,+19.3,+18.9,+19.2,+18.9,+19.2,%00000000,%00000000,+0,20:30:01 05.07.2021
164,+27.1,+3124.2,+19.9,+21.3,+20.9,+25.7,+19.2,+19.6,+19.3,+19.6,+18.8,+19.3,+18.9,+19.2,+18.9,+19.1,%00000000,%00000000,+0,20:40:01 05.07.2021
165,+27.1,+3124.2,+19.9,+21.3,+20.9,+25.7,+19.2,+19.6,+19.3,+19.6,+18.8,+19.2,+18.9,+19.2,+18.9,+19.2,%00000000,%00000000,+0,20:50:01 05.07.2021
166,+27,+3124.2,+19.9,+21.3,+20.9,+25.6,+19.2,+19.6,+19.3,+19.6,+18.8,+19.2,+18.9,+19.2,+18.9,+19.2,%00000000,%00000000,+0,21:00:01 05.07.2021
167,+27,+3124.2,+19.8,+21.2,+20.9,+25.5,+19.2,+19.6,+19.3,+19.6,+18.8,+19.2,+18.9,+19.2,+18.9,+19.1,%00000000,%00000000,+0,21:10:01 05.07.2021
168,+26.9,+3124.2,+19.8,+21.2,+20.9,+25.5,+19.2,+19.6,+19.3,+19.6,+18.7,+19.2,+18.9,+19.2,+18.9,+19.1,%00000000,%00000000,+0,21:20:01 05.07.2021
169,+26.9,+3124.2,+19.8,+21.2,+20.9,+25.4,+19.2,+19.6,+19.3,+19.6,+18.7,+19.2,+18.9,+19.2,+18.9,+19.1,%00000000,%00000000,+0,21:30:01 05.07.2021
170,+26.9,+3124.2,+19.7,+21.2,+20.8,+25.4,+19.2,+19.6,+19.2,+19.6,+18.7,+19.2,+18.9,+19.2,+18.9,+19.1,%00000000,%00000000,+0,21:40:01 05.07.2021
171,+26.9,+3124.2,+19.7,+21.2,+20.8,+25.4,+19.2,+19.6,+19.2,+19.6,+18.7,+19.2,+18.9,+19.2,+18.9,+19.1,%00000000,%00000000,+0,21:50:01 05.07.2021
172,+26.9,+3124.2,+19.7,+21.2,+20.8,+25.3,+19.1,+19.6,+19.2,+19.6,+18.7,+19.2,+18.9,+19.2,+18.9,+19.1,%00000000,%00000000,+0,22:00:01 05.07.2021
173,+26.8,+3124.2,+19.7,+21.2,+20.8,+25.2,+19.1,+19.6,+19.2,+19.6,+18.7,+19.2,+18.9,+19.2,+18.9,+19.1,%00000000,%00000000,+0,22:10:01 05.07.2021
174,+26.8,+3124.2,+19.7,+21.2,+20.8,+25.1,+19.1,+19.6,+19.2,+19.6,+18.7,+19.2,+18.9,+19.2,+18.9,+19.1,%00000000,%00000000,+0,22:20:01 05.07.2021
175,+26.8,+3124.2,+19.6,+21.2,+20.8,+25.1,+19.1,+19.6,+19.2,+19.6,+18.7,+19.2,+18.9,+19.2,+18.9,+19.1,%00000000,%00000000,+0,22:30:01 05.07.2021
176,+26.7,+3124.2,+19.6,+21.2,+20.8,+25.1,+19.1,+19.6,+19.2,+19.5,+18.7,+19.2,+18.9,+19.2,+18.9,+19.1,%00000000,%00000000,+0,22:40:01 05.07.2021
177,+26.7,+3124.2,+19.6,+21.1,+20.7,+25,+19.1,+19.6,+19.2,+19.5,+18.7,+19.2,+18.9,+19.2,+18.9,+19.1,%00000000,%00000000,+0,22:50:01 05.07.2021
178,+26.7,+3124.2,+19.6,+21.1,+20.7,+25,+19.1,+19.6,+19.2,+19.5,+18.7,+19.2,+18.9,+19.1,+18.9,+19.1,%00000000,%00000000,+0,23:00:01 05.07.2021
179,+26.7,+3124.2,+19.5,+21.1,+20.7,+24.9,+19.1,+19.6,+19.1,+19.5,+18.7,+19.1,+18.9,+19.1,+18.9,+19.1,%00000000,%00000000,+0,23:10:01 05.07.2021
180,+26.7,+3124.2,+19.5,+21.1,+20.7,+24.9,+19.1,+19.6,+19.1,+19.5,+18.7,+19.1,+18.9,+19.1,+18.9,+19.1,%00000000,%00000000,+0,23:20:01 05.07.2021
181,+26.6,+3124.2,+19.5,+21.1,+20.7,+24.8,+19,+19.6,+19.1,+19.5,+18.7,+19.1,+18.9,+19.1,+18.9,+19.1,%00000000,%00000000,+0,23:30:01 05.07.2021
182,+26.6,+3124.2,+19.5,+21.1,+20.7,+24.8,+19,+19.6,+19.1,+19.5,+18.7,+19.1,+18.9,+19.1,+18.9,+19.1,%00000000,%00000000,+0,23:40:01 05.07.2021
183,+26.6,+3124.2,+19.4,+21,+20.6,+24.7,+19,+19.6,+19.1,+19.5,+18.7,+19.1,+18.9,+19.1,+18.9,+19.1,%00000000,%00000000,+0,23:50:01 05.07.2021
184,+26.6,+3124.2,+19.4,+21,+20.6,+24.7,+19,+19.6,+19,+19.5,+18.7,+19.1,+18.9,+19.1,+18.9,+19.1,%00000000,%00000000,+0,00:00:01 06.07.2021
185,+26.5,+3124.2,+19.4,+21,+20.6,+24.6,+19,+19.6,+19,+19.5,+18.7,+19.1,+18.9,+19.1,+18.9,+19.1,%00000000,%00000000,+0,00:10:01 06.07.2021
186,+26.5,+3124.2,+19.3,+21,+20.6,+24.6,+19,+19.6,+18.9,+19.5,+18.7,+19,+18.9,+19.1,+18.9,+19.1,%00000000,%00000000,+0,00:20:01 06.07.2021
187,+26.5,+3124.2,+19.3,+20.9,+20.5,+24.5,+18.9,+19.6,+18.9,+19.4,+18.7,+19,+18.9,+19.1,+18.8,+19.1,%00000000,%00000000,+0,00:30:01 06.07.2021
188,+26.5,+3124.2,+19.3,+20.9,+20.5,+24.5,+18.9,+19.6,+18.9,+19.4,+18.7,+19,+18.9,+19.1,+18.8,+19,%00000000,%00000000,+0,00:40:01 06.07.2021
189,+26.4,+3124.2,+19.3,+20.9,+20.5,+24.4,+18.9,+19.6,+18.9,+19.4,+18.7,+19,+18.9,+19,+18.8,+19,%00000000,%00000000,+0,00:50:01 06.07.2021
190,+26.4,+3124.2,+19.2,+20.9,+20.5,+24.4,+18.9,+19.6,+18.9,+19.4,+18.7,+19,+18.9,+19,+18.8,+19,%00000000,%00000000,+0,01:00:01 06.07.2021
191,+26.4,+3124.2,+19.2,+20.9,+20.4,+24.4,+18.9,+19.5,+18.8,+19.4,+18.7,+19,+18.9,+19,+18.8,+19,%00000000,%00000000,+0,01:10:01 06.07.2021
192,+26.4,+3124.2,+19.2,+20.8,+20.4,+24.3,+18.9,+19.5,+18.8,+19.4,+18.7,+19,+18.9,+19,+18.8,+19,%00000000,%00000000,+0,01:20:01 06.07.2021
193,+26.3,+3124.2,+19.2,+20.8,+20.4,+24.2,+18.8,+19.5,+18.8,+19.4,+18.7,+18.9,+18.9,+19,+18.8,+19,%00000000,%00000000,+0,01:30:01 06.07.2021
194,+26.3,+3124.2,+19.1,+20.8,+20.4,+24.1,+18.8,+19.5,+18.8,+19.4,+18.7,+18.9,+18.9,+19,+18.8,+19,%00000000,%00000000,+0,01:40:01 06.07.2021
195,+26.3,+3124.2,+19.1,+20.8,+20.4,+24.1,+18.8,+19.5,+18.8,+19.4,+18.7,+18.9,+18.9,+19,+18.8,+19,%00000000,%00000000,+0,01:50:01 06.07.2021
196,+26.3,+3124.2,+19.1,+20.7,+20.3,+24.1,+18.8,+19.5,+18.7,+19.4,+18.7,+18.9,+18.9,+19,+18.8,+19,%00000000,%00000000,+0,02:00:01 06.07.2021
197,+26.2,+3124.2,+19.1,+20.7,+20.3,+24.1,+18.7,+19.5,+18.7,+19.4,+18.7,+18.9,+18.9,+19,+18.7,+18.9,%00000000,%00000000,+0,02:10:01 06.07.2021
198,+26.2,+3124.2,+19.1,+20.7,+20.3,+24,+18.7,+19.5,+18.7,+19.4,+18.6,+18.9,+18.9,+19,+18.7,+18.9,%00000000,%00000000,+0,02:20:01 06.07.2021
199,+26.2,+3124.2,+19.1,+20.7,+20.2,+24,+18.7,+19.5,+18.7,+19.4,+18.6,+18.9,+18.9,+19,+18.7,+18.9,%00000000,%00000000,+0,02:30:01 06.07.2021
200,+26.2,+3124.2,+19.1,+20.7,+20.2,+23.9,+18.7,+19.5,+18.7,+19.4,+18.6,+18.9,+18.9,+18.9,+18.7,+18.9,%00000000,%00000000,+0,02:40:01 06.07.2021
201,+26.1,+3124.2,+19.1,+20.6,+20.2,+23.9,+18.7,+19.4,+18.7,+19.4,+18.6,+18.9,+18.9,+18.9,+18.7,+18.9,%00000000,%00000000,+0,02:50:01 06.07.2021
202,+26.1,+3124.2,+19.1,+20.6,+20.2,+23.9,+18.7,+19.4,+18.6,+19.4,+18.6,+18.9,+18.9,+18.9,+18.7,+18.9,%00000000,%00000000,+0,03:00:01 06.07.2021
203,+26.1,+3124.2,+19.1,+20.6,+20.2,+23.8,+18.6,+19.4,+18.6,+19.4,+18.6,+18.8,+18.9,+18.9,+18.7,+18.9,%00000000,%00000000,+0,03:10:01 06.07.2021
204,+26.1,+3124.2,+19.2,+20.6,+20.2,+23.8,+18.6,+19.4,+18.6,+19.4,+18.6,+18.8,+18.9,+18.9,+18.7,+18.9,%00000000,%00000000,+0,03:20:01 06.07.2021
205,+26,+3124.2,+19.2,+20.5,+20.2,+23.8,+18.6,+19.4,+18.5,+19.4,+18.6,+18.8,+18.9,+18.9,+18.7,+18.9,%00000000,%00000000,+0,03:30:01 06.07.2021
206,+26,+3124.2,+19.2,+20.5,+20.1,+23.7,+18.6,+19.4,+18.5,+19.4,+18.6,+18.8,+18.9,+18.9,+18.7,+18.9,%00000000,%00000000,+0,03:40:01 06.07.2021
207,+26,+3124.2,+19.2,+20.5,+20.1,+23.7,+18.5,+19.4,+18.5,+19.4,+18.6,+18.8,+18.9,+18.9,+18.7,+18.9,%00000000,%00000000,+0,03:50:01 06.07.2021
208,+26,+3124.2,+19.2,+20.5,+20.1,+23.7,+18.5,+19.4,+18.5,+19.4,+18.6,+18.8,+18.9,+18.9,+18.7,+18.9,%00000000,%00000000,+0,04:00:01 06.07.2021
209,+25.9,+3124.2,+19.2,+20.4,+20.1,+23.6,+18.5,+19.4,+18.5,+19.3,+18.6,+18.8,+18.9,+18.9,+18.7,+18.9,%00000000,%00000000,+0,04:10:01 06.07.2021
210,+25.9,+3124.2,+19.2,+20.4,+20,+23.6,+18.5,+19.4,+18.5,+19.3,+18.6,+18.8,+18.9,+18.9,+18.6,+18.9,%00000000,%00000000,+0,04:20:01 06.07.2021
211,+25.9,+3124.2,+19.2,+20.4,+20,+23.5,+18.4,+19.4,+18.4,+19.3,+18.5,+18.7,+18.9,+18.9,+18.6,+18.8,%00000000,%00000000,+0,04:30:01 06.07.2021
212,+25.9,+3124.2,+19.2,+20.4,+20,+23.5,+18.4,+19.3,+18.4,+19.3,+18.5,+18.7,+18.9,+18.9,+18.6,+18.8,%00000000,%00000000,+0,04:40:01 06.07.2021
213,+25.9,+3124.2,+19.2,+20.4,+20,+23.4,+18.4,+19.3,+18.4,+19.3,+18.5,+18.7,+18.9,+18.9,+18.6,+18.8,%00000000,%00000000,+0,04:50:01 06.07.2021
214,+25.9,+3124.2,+19.2,+20.4,+20,+23.4,+18.4,+19.3,+18.4,+19.3,+18.5,+18.7,+18.9,+18.9,+18.6,+18.8,%00000000,%00000000,+0,05:00:01 06.07.2021
215,+25.8,+3124.2,+19.3,+20.3,+20,+23.4,+18.4,+19.3,+18.4,+19.3,+18.5,+18.7,+18.9,+18.9,+18.6,+18.8,%00000000,%00000000,+0,05:10:01 06.07.2021
216,+25.8,+3124.2,+19.3,+20.3,+19.9,+23.4,+18.4,+19.3,+18.4,+19.3,+18.5,+18.7,+18.9,+18.9,+18.6,+18.8,%00000000,%00000000,+0,05:20:01 06.07.2021
217,+25.8,+3124.2,+19.3,+20.3,+19.9,+23.3,+18.4,+19.3,+18.4,+19.3,+18.5,+18.7,+18.9,+18.8,+18.6,+18.8,%00000000,%00000000,+0,05:30:01 06.07.2021
218,+25.8,+3124.2,+19.3,+20.3,+19.9,+23.3,+18.4,+19.3,+18.4,+19.3,+18.5,+18.7,+18.8,+18.8,+18.6,+18.8,%00000000,%00000000,+0,05:40:01 06.07.2021
219,+25.7,+3124.2,+19.3,+20.3,+19.9,+23.3,+18.3,+19.3,+18.4,+19.2,+18.5,+18.7,+18.8,+18.8,+18.6,+18.8,%00000000,%00000000,+0,05:50:01 06.07.2021
220,+25.7,+3124.2,+19.3,+20.3,+19.9,+23.1,+18.3,+19.2,+18.4,+19.2,+18.5,+18.7,+18.8,+18.8,+18.6,+18.8,%00000000,%00000000,+0,06:00:01 06.07.2021
221,+25.6,+3124.2,+19.3,+20.2,+19.9,+22.8,+18.3,+19.2,+18.3,+19.2,+18.5,+18.7,+18.8,+18.8,+18.5,+18.7,%00000000,%00000000,+0,06:10:01 06.07.2021
222,+25.4,+3124.2,+19.3,+20.2,+19.9,+22.5,+18.3,+19.2,+18.3,+19.2,+18.5,+18.7,+18.8,+18.8,+18.5,+18.7,%00000000,%00000000,+0,06:20:01 06.07.2021
223,+25.3,+3124.2,+19.4,+20.2,+19.9,+22.5,+18.3,+19.2,+18.5,+19.3,+18.5,+18.7,+18.8,+18.9,+18.5,+18.8,%00000000,%00000000,+0,06:30:01 06.07.2021
224,+25.3,+3124.2,+19.3,+20.2,+19.9,+22.5,+18.3,+19.2,+18.4,+19.2,+18.5,+18.7,+18.8,+18.8,+18.5,+18.8,%00000000,%00000000,+0,06:40:01 06.07.2021
225,+25.2,+3124.2,+19.3,+20.2,+19.9,+22.4,+18.3,+19.2,+18.4,+19.2,+18.4,+18.7,+18.8,+18.8,+18.5,+18.7,%00000000,%00000000,+0,06:50:01 06.07.2021
226,+25.1,+3124.2,+19.4,+20.2,+19.9,+22.5,+18.3,+19.2,+18.6,+19.3,+18.5,+18.7,+18.8,+18.8,+18.5,+18.8,%00000000,%00000000,+0,07:00:01 06.07.2021
227,+25.1,+3124.2,+19.4,+20.2,+19.9,+22.5,+18.3,+19.2,+18.4,+19.2,+18.4,+18.7,+18.8,+18.8,+18.5,+18.8,%00000000,%00000000,+0,07:10:01 06.07.2021
228,+25,+3124.2,+19.4,+20.2,+19.8,+22.4,+18.3,+19.2,+18.3,+19.2,+18.4,+18.7,+18.8,+18.8,+18.5,+18.7,%00000000,%00000000,+0,07:20:01 06.07.2021
229,+24.9,+3124.2,+19.4,+20.2,+19.8,+22.5,+18.3,+19.2,+18.6,+19.2,+18.5,+18.7,+18.8,+18.8,+18.5,+18.7,%00000000,%00000000,+0,07:30:01 06.07.2021
230,+24.9,+3124.2,+19.4,+20.1,+19.9,+22.6,+18.3,+19.2,+18.4,+19.2,+18.4,+18.7,+18.8,+18.8,+18.5,+18.7,%00000000,%00000000,+0,07:40:01 06.07.2021
231,+24.9,+3136.2,+19.4,+20.1,+19.8,+22.8,+18.3,+19.2,+18.6,+19.2,+18.4,+18.7,+18.8,+18.8,+18.5,+18.7,%00000000,%00000000,+0,07:50:01 06.07.2021
232,+24.8,+3136.2,+19.4,+20.1,+19.8,+22.9,+18.3,+19.2,+18.6,+19.2,+18.5,+18.8,+18.8,+18.8,+18.5,+18.8,%00000000,%00000000,+0,08:00:01 06.07.2021
233,+24.3,+3137,+19.5,+20.1,+19.8,+23,+18.3,+19.2,+18.7,+19.2,+18.5,+18.8,+18.8,+18.8,+18.5,+18.8,%00000000,%00000000,+0,08:11:01 06.07.2021
234,+24,+3137,+19.5,+20.1,+19.9,+23,+18.3,+19.2,+18.7,+19.2,+18.5,+18.9,+18.8,+18.8,+18.5,+18.8,%00000000,%00000000,+0,08:21:01 06.07.2021
235,+24.1,+3137,+19.5,+20.2,+19.9,+23,+18.3,+19.2,+18.6,+19.2,+18.4,+18.8,+18.8,+18.8,+18.6,+18.8,%00000000,%00000000,+0,08:31:01 06.07.2021
236,+24.1,+3137,+19.5,+20.2,+19.9,+23.1,+18.3,+19.2,+18.5,+19.2,+18.4,+18.8,+18.8,+18.8,+18.5,+18.8,%00000000,%00000000,+0,08:41:01 06.07.2021
237,+24.1,+3137,+19.6,+20.2,+19.9,+23.1,+18.3,+19.2,+18.5,+19.2,+18.4,+18.8,+18.8,+18.8,+18.5,+18.8,%00000000,%00000000,+0,08:51:01 06.07.2021
238,+23.8,+3137,+19.6,+20.2,+19.9,+23.1,+18.3,+19.2,+18.5,+19.2,+18.5,+18.9,+18.8,+18.8,+18.5,+18.8,%00000000,%00000000,+0,09:01:01 06.07.2021
239,+24,+3137,+19.6,+20.2,+19.9,+23.3,+18.3,+19.2,+18.6,+19.2,+18.5,+18.9,+18.8,+18.8,+18.5,+18.8,%00000000,%00000000,+0,09:11:01 06.07.2021
240,+24,+3137,+19.6,+20.3,+19.9,+23.3,+18.3,+19.2,+18.6,+19.2,+18.5,+18.9,+18.8,+18.8,+18.6,+18.8,%00000000,%00000000,+0,09:21:01 06.07.2021
241,+24.2,+3137,+19.6,+20.3,+19.9,+23.4,+18.4,+19.2,+18.6,+19.2,+18.5,+18.9,+18.8,+18.8,+18.6,+18.8,%00000000,%00000000,+0,09:31:01 06.07.2021
242,+25.9,+26.4,+21.5,+21.2,+20.9,+26.8,+18.9,+19.3,+19.6,+19.5,+19,+19.5,+18.9,+19,+19.1,+19.2,%00000000,%00000000,+0,11:38:01 06.07.2021
243,+26.1,+26.5,+21.4,+21.1,+20.9,+26.4,+19,+19.3,+19.5,+19.4,+18.9,+19.4,+18.9,+18.9,+19.1,+19.2,%00000000,%00000000,+0,11:48:01 06.07.2021
244,+26.3,+26.7,+21.2,+21.2,+21,+26,+19,+19.3,+19.4,+19.4,+18.8,+19.4,+18.9,+18.9,+19.1,+19.2,%00000000,%00000000,+0,11:58:01 06.07.2021
245,+26.5,+26.9,+21.1,+21.2,+21,+25.7,+19,+19.3,+19.4,+19.4,+18.8,+19.3,+18.9,+18.9,+19.1,+19.2,%00000000,%00000000,+0,12:08:01 06.07.2021
246,+26.6,+27.1,+21,+21.2,+21,+25.6,+19.1,+19.4,+19.3,+19.4,+18.9,+19.3,+18.9,+19,+19.1,+19.2,%00000000,%00000000,+0,12:18:01 06.07.2021
247,+26.6,+27.1,+20.9,+21.2,+21,+25.6,+19.1,+19.4,+19.3,+19.4,+18.9,+19.3,+18.9,+19,+19.1,+19.2,%00000000,%00000000,+0,12:28:01 06.07.2021
248,+26.4,+27.3,+20.8,+21.2,+21,+25.6,+19.1,+19.4,+19.3,+19.4,+18.9,+19.3,+18.9,+19,+19.1,+19.2,%00000000,%00000000,+0,12:38:01 06.07.2021
249,+26.6,+27.6,+20.7,+21.2,+21,+25.8,+19.1,+19.4,+19.3,+19.4,+18.9,+19.3,+18.9,+19,+19.1,+19.2,%00000000,%00000000,+0,12:48:01 06.07.2021
250,+26.7,+27.8,+20.7,+21.2,+21,+25.9,+19.1,+19.4,+19.3,+19.4,+18.9,+19.3,+18.9,+19,+19.1,+19.2,%00000000,%00000000,+0,12:58:01 06.07.2021
251,+26.9,+27.9,+20.6,+21.2,+21,+25.9,+19.1,+19.4,+19.3,+19.4,+18.9,+19.3,+18.9,+19,+19.1,+19.2,%00000000,%00000000,+0,13:08:01 06.07.2021
252,+27.2,+28.1,+20.5,+21.2,+21,+26.1,+19.1,+19.4,+19.3,+19.4,+18.9,+19.3,+18.9,+19,+19.1,+19.2,%00000000,%00000000,+0,13:18:01 06.07.2021
253,+27.4,+28.2,+20.5,+21.2,+21,+26.3,+19.1,+19.4,+19.3,+19.4,+18.9,+19.3,+18.9,+19,+19.1,+19.2,%00000000,%00000000,+0,13:28:01 06.07.2021
254,+27.3,+28.4,+20.4,+21.2,+21,+26.5,+19.1,+19.4,+19.3,+19.4,+18.9,+19.3,+18.9,+19,+19.1,+19.2,%00000000,%00000000,+0,13:38:01 06.07.2021
255,+27.7,+28.8,+20.4,+21.2,+21,+26.5,+19.1,+19.4,+19.3,+19.4,+18.9,+19.3,+18.9,+19,+19.1,+19.2,%00000000,%00000000,+0,13:48:01 06.07.2021
256,+28.1,+29.1,+20.4,+21.3,+21,+26.7,+19.1,+19.4,+19.4,+19.4,+18.9,+19.3,+18.9,+19,+19,+19.2,%00000000,%00000000,+0,14:02:01 06.07.2021
257,+28.4,+29.2,+20.4,+21.3,+21,+26.7,+19.1,+19.4,+19.4,+19.4,+18.9,+19.3,+18.9,+19,+19,+19.2,%00000000,%00000000,+0,14:12:01 06.07.2021
258,+28.5,+29.3,+20.4,+21.3,+21,+26.7,+19.1,+19.5,+19.4,+19.4,+18.9,+19.3,+18.9,+19,+19.1,+19.2,%00000000,%00000000,+0,14:22:01 06.07.2021
259,+28.4,+29.3,+20.4,+21.3,+21.1,+26.9,+19.2,+19.5,+19.4,+19.4,+18.9,+19.3,+18.9,+19.1,+19.1,+19.2,%00000000,%00000000,+0,14:32:01 06.07.2021
260,+28.6,+29.4,+20.4,+21.3,+21.1,+26.9,+19.2,+19.5,+19.4,+19.4,+18.9,+19.4,+18.9,+19.1,+19.1,+19.2,%00000000,%00000000,+0,14:42:01 06.07.2021
261,+28.7,+29.5,+20.4,+21.4,+21.1,+27.2,+19.2,+19.5,+19.4,+19.4,+18.9,+19.4,+18.9,+19.1,+19.1,+19.2,%00000000,%00000000,+0,14:52:01 06.07.2021
262,+28.9,+29.7,+20.4,+21.4,+21.1,+27.2,+19.2,+19.5,+19.5,+19.4,+18.9,+19.4,+18.9,+19.1,+19.1,+19.2,%00000000,%00000000,+0,15:02:01 06.07.2021
263,+29.1,+29.7,+20.4,+21.4,+21.1,+27.3,+19.2,+19.5,+19.5,+19.4,+18.9,+19.4,+18.9,+19.1,+19.1,+19.2,%00000000,%00000000,+0,15:12:01 06.07.2021
264,+29.3,+29.7,+20.4,+21.4,+21.2,+27.4,+19.2,+19.5,+19.5,+19.4,+18.9,+19.4,+18.9,+19.1,+19.1,+19.2,%00000000,%00000000,+0,15:22:01 06.07.2021
265,+29.2,+29.7,+20.4,+21.5,+21.2,+27.4,+19.2,+19.5,+19.5,+19.4,+19,+19.4,+18.9,+19.1,+19.1,+19.3,%00000000,%00000000,+0,15:32:01 06.07.2021
266,+29.3,+29.8,+20.4,+21.5,+21.2,+27.4,+19.2,+19.5,+19.5,+19.5,+19,+19.4,+18.9,+19.1,+19.1,+19.3,%00000000,%00000000,+0,15:42:01 06.07.2021
267,+29.4,+30,+20.4,+21.5,+21.2,+27.5,+19.2,+19.5,+19.6,+19.5,+19,+19.4,+18.9,+19.1,+19.1,+19.3,%00000000,%00000000,+0,15:52:01 06.07.2021
268,+29.5,+30,+20.4,+21.5,+21.2,+27.5,+19.3,+19.6,+19.6,+19.5,+19,+19.4,+19,+19.1,+19.1,+19.3,%00000000,%00000000,+0,16:02:01 06.07.2021
269,+29.6,+30,+20.4,+21.5,+21.2,+27.4,+19.3,+19.6,+19.6,+19.5,+19,+19.4,+19,+19.1,+19.1,+19.3,%00000000,%00000000,+0,16:12:01 06.07.2021
270,+29.6,+29.8,+20.4,+21.5,+21.2,+27.5,+19.3,+19.6,+19.6,+19.5,+19,+19.4,+19,+19.1,+19.2,+19.3,%00000000,%00000000,+0,16:22:01 06.07.2021
271,+29.6,+29.8,+20.4,+21.5,+21.2,+27.3,+19.3,+19.6,+19.6,+19.5,+19,+19.5,+19,+19.1,+19.2,+19.3,%00000000,%00000000,+0,16:32:01 06.07.2021
272,+29.7,+29.8,+20.4,+21.6,+21.2,+27.3,+19.3,+19.6,+19.6,+19.5,+19,+19.5,+19,+19.1,+19.2,+19.3,%00000000,%00000000,+0,16:42:01 06.07.2021
273,+29.8,+29.8,+20.4,+21.6,+21.2,+27.3,+19.3,+19.6,+19.6,+19.5,+19,+19.5,+19,+19.1,+19.2,+19.3,%00000000,%00000000,+0,16:52:01 06.07.2021
274,+29.8,+29.8,+20.4,+21.6,+21.2,+27.2,+19.3,+19.6,+19.7,+19.5,+19,+19.5,+19,+19.1,+19.2,+19.3,%00000000,%00000000,+0,17:02:01 06.07.2021
275,+29.8,+29.8,+20.4,+21.6,+21.3,+27.1,+19.4,+19.6,+19.7,+19.5,+19,+19.5,+19,+19.1,+19.2,+19.4,%00000000,%00000000,+0,17:15:01 06.07.2021
276,+29.8,+29.9,+20.5,+21.7,+21.3,+26.9,+19.4,+19.6,+20.1,+19.7,+19.6,+20.2,+19,+19.2,+19.3,+19.6,%00000000,%00000000,+0,17:25:01 06.07.2021
277,+29.8,+29.8,+20.6,+21.8,+21.3,+27.2,+19.6,+19.7,+20.4,+19.9,+19.9,+20.7,+19.1,+19.2,+19.4,+19.8,%00000000,%00000000,+0,17:35:01 06.07.2021
278,+29.8,+29.7,+20.7,+21.6,+21.4,+27.4,+19.7,+19.7,+19.8,+20.1,+20.1,+21.2,+19.4,+19.8,+19.7,+20.1,%00000000,%00000000,+0,17:45:01 06.07.2021
279,+29.8,+29.6,+20.7,+21.8,+21.4,+27.2,+19.9,+19.7,+19.8,+20.3,+20,+21.2,+19.5,+20.1,+20,+20.3,%00000000,%00000000,+0,17:55:01 06.07.2021
280,+29.7,+29.7,+20.7,+21.8,+21.5,+26.9,+20.1,+19.7,+19.8,+20.4,+20.1,+21.1,+19.6,+20.3,+20.2,+20.3,%00000000,%00000000,+0,18:05:01 06.07.2021
281,+29.7,+29.8,+20.7,+21.9,+21.5,+26.7,+20.3,+19.7,+19.9,+20.4,+20.2,+21.2,+19.7,+20.4,+20.4,+20.4,%00000000,%00000000,+0,18:15:01 06.07.2021
282,+29.7,+29.9,+20.8,+21.9,+21.5,+26.6,+20.4,+19.8,+19.9,+20.5,+20.3,+21.2,+19.8,+20.5,+20.5,+20.6,%00000000,%00000000,+0,18:25:01 06.07.2021
283,+29.7,+29.9,+20.8,+21.9,+21.5,+26.6,+20.6,+19.8,+19.9,+20.5,+20.4,+21.3,+19.9,+20.6,+20.7,+20.7,%00000000,%00000000,+0,18:35:01 06.07.2021
284,+29.6,+29.8,+20.8,+21.9,+21.5,+26.7,+20.7,+19.8,+19.9,+20.6,+20.5,+21.4,+19.9,+20.6,+20.8,+20.8,%00000000,%00000000,+0,18:45:01 06.07.2021
285,+29.5,+29.5,+20.9,+22,+21.5,+26.7,+20.9,+19.9,+20.5,+20.3,+20.3,+20.9,+19.7,+20.2,+20.7,+20.7,%00000000,%00000000,+0,18:55:01 06.07.2021
286,+29.4,+29.2,+20.9,+21.8,+21.5,+26.4,+20.9,+19.9,+20.3,+20.2,+20.3,+20.7,+19.6,+19.9,+20.7,+20.6,%00000000,%00000000,+0,19:05:01 06.07.2021
287,+29.3,+29,+20.9,+21.7,+21.4,+26.3,+20.9,+19.9,+20.2,+20,+20.4,+20.4,+19.5,+19.7,+20.6,+20.5,%00000000,%00000000,+0,19:15:01 06.07.2021
288,+29.2,+28.8,+20.9,+21.6,+21.3,+26.2,+20.8,+19.9,+20.1,+19.9,+20.4,+20.2,+19.4,+19.6,+20.5,+20.4,%00000000,%00000000,+0,19:25:01 06.07.2021
289,+29.1,+28.7,+20.9,+21.5,+21.3,+26.2,+20.7,+19.9,+20,+19.7,+20.3,+20.1,+19.4,+19.5,+20.4,+20.3,%00000000,%00000000,+0,19:35:01 06.07.2021
290,+29.1,+28.7,+20.8,+21.4,+21.2,+26.2,+20.6,+19.9,+19.9,+19.6,+20.2,+20,+19.4,+19.4,+20.3,+20.2,%00000000,%00000000,+0,19:45:01 06.07.2021
291,+29,+28.6,+20.8,+21.4,+21.2,+26.3,+20.4,+19.9,+19.8,+19.6,+20.1,+20,+19.4,+19.4,+20.3,+20.2,%00000000,%00000000,+0,19:55:01 06.07.2021
292,+28.9,+28.6,+20.8,+21.3,+21.1,+26.3,+20.3,+19.9,+19.7,+19.5,+20.1,+20,+19.3,+19.3,+20.2,+20.2,%00000000,%00000000,+0,20:05:01 06.07.2021
293,+28.8,+28.6,+20.8,+21.2,+21,+26.3,+20.2,+19.9,+19.7,+19.5,+20,+20,+19.3,+19.3,+20.2,+20.1,%00000000,%00000000,+0,20:15:01 06.07.2021
294,+28.7,+28.6,+20.7,+21.2,+21,+26.3,+20,+19.9,+19.6,+19.4,+20,+20,+19.2,+19.3,+20.1,+20.1,%00000000,%00000000,+0,20:25:01 06.07.2021
295,+28.7,+28.5,+20.7,+21.2,+20.9,+26.2,+19.9,+19.9,+19.6,+19.4,+19.9,+20,+19.2,+19.3,+20.1,+20.1,%00000000,%00000000,+0,20:35:01 06.07.2021
296,+28.6,+28.5,+20.7,+21.1,+20.9,+26.3,+19.8,+19.9,+19.5,+19.4,+19.7,+20,+19.1,+19.3,+20,+20.1,%00000000,%00000000,+0,20:45:01 06.07.2021
297,+28.6,+28.5,+20.7,+21.1,+20.9,+26.2,+19.7,+19.9,+19.5,+19.4,+19.7,+20,+19.1,+19.3,+20,+20.1,%00000000,%00000000,+0,20:55:01 06.07.2021
298,+28.5,+28.5,+20.7,+21.1,+20.9,+26.2,+19.6,+19.8,+19.5,+19.4,+19.6,+20,+19.1,+19.3,+20,+20,%00000000,%00000000,+0,21:05:01 06.07.2021
299,+28.4,+28.5,+20.6,+21,+20.8,+26.1,+19.5,+19.8,+19.4,+19.4,+19.7,+19.9,+19.1,+19.3,+20,+20,%00000000,%00000000,+0,21:15:01 06.07.2021
300,+28.3,+28.5,+20.6,+21,+20.8,+26.1,+19.4,+19.8,+19.4,+19.4,+19.7,+19.9,+19.1,+19.3,+19.9,+20,%00000000,%00000000,+0,21:25:01 06.07.2021
301,+28.3,+28.4,+20.6,+21,+20.8,+26.1,+19.4,+19.8,+19.4,+19.4,+19.7,+19.8,+19.2,+19.3,+19.9,+19.9,%00000000,%00000000,+0,21:35:01 06.07.2021
302,+28.2,+28.4,+20.6,+20.9,+20.7,+26.1,+19.3,+19.8,+19.4,+19.4,+19.7,+19.8,+19.2,+19.3,+19.9,+19.9,%00000000,%00000000,+0,21:45:01 06.07.2021
303,+28.2,+28.4,+20.5,+20.9,+20.7,+26.1,+19.3,+19.8,+19.4,+19.4,+19.7,+19.7,+19.2,+19.3,+19.9,+19.9,%00000000,%00000000,+0,21:55:01 06.07.2021
304,+28.1,+28.3,+20.5,+20.9,+20.7,+26,+19.2,+19.8,+19.3,+19.4,+19.7,+19.7,+19.2,+19.3,+19.9,+19.9,%00000000,%00000000,+0,22:05:01 06.07.2021
305,+28.1,+28.3,+20.5,+20.9,+20.7,+26,+19.2,+19.8,+19.3,+19.4,+19.7,+19.7,+19.2,+19.3,+19.9,+19.8,%00000000,%00000000,+0,22:15:01 06.07.2021
306,+28,+28.2,+20.5,+20.9,+20.7,+25.9,+19.1,+19.8,+19.3,+19.4,+19.6,+19.7,+19.2,+19.3,+19.8,+19.8,%00000000,%00000000,+0,22:25:01 06.07.2021
307,+28,+28.2,+20.4,+20.8,+20.6,+25.9,+19.1,+19.8,+19.2,+19.4,+19.6,+19.6,+19.2,+19.3,+19.8,+19.8,%00000000,%00000000,+0,22:35:01 06.07.2021
308,+27.9,+28.2,+20.4,+20.8,+20.6,+25.9,+19.1,+19.8,+19.2,+19.4,+19.6,+19.6,+19.2,+19.3,+19.8,+19.7,%00000000,%00000000,+0,22:45:01 06.07.2021
309,+27.9,+28.2,+20.4,+20.8,+20.6,+25.9,+19,+19.8,+19.2,+19.4,+19.6,+19.6,+19.2,+19.3,+19.8,+19.7,%00000000,%00000000,+0,22:55:01 06.07.2021
310,+27.8,+28.1,+20.4,+20.8,+20.6,+25.8,+19,+19.8,+19.2,+19.4,+19.6,+19.6,+19.2,+19.3,+19.8,+19.7,%00000000,%00000000,+0,23:05:01 06.07.2021
311,+27.8,+28.1,+20.4,+20.7,+20.5,+25.8,+19,+19.8,+19.2,+19.4,+19.6,+19.6,+19.2,+19.3,+19.8,+19.7,%00000000,%00000000,+0,23:15:01 06.07.2021
312,+27.7,+28,+20.3,+20.7,+20.5,+25.7,+18.9,+19.8,+19.2,+19.4,+19.6,+19.5,+19.2,+19.3,+19.7,+19.6,%00000000,%00000000,+0,23:25:01 06.07.2021
313,+27.7,+28,+20.3,+20.7,+20.5,+25.7,+18.9,+19.8,+19.2,+19.4,+19.5,+19.5,+19.2,+19.3,+19.7,+19.6,%00000000,%00000000,+0,23:35:01 06.07.2021
314,+27.7,+28,+20.3,+20.7,+20.5,+25.6,+18.9,+19.8,+19.1,+19.4,+19.5,+19.5,+19.2,+19.3,+19.7,+19.6,%00000000,%00000000,+0,23:45:01 06.07.2021
315,+27.6,+28,+20.3,+20.7,+20.4,+25.6,+18.9,+19.8,+19.1,+19.4,+19.5,+19.5,+19.2,+19.3,+19.7,+19.6,%00000000,%00000000,+0,23:55:01 06.07.2021
316,+27.6,+27.9,+20.3,+20.7,+20.4,+25.6,+18.8,+19.8,+19.1,+19.4,+19.5,+19.5,+19.2,+19.3,+19.7,+19.5,%00000000,%00000000,+0,00:05:01 07.07.2021
317,+27.5,+27.9,+20.2,+20.6,+20.4,+25.5,+18.8,+19.8,+19.1,+19.4,+19.5,+19.4,+19.2,+19.3,+19.7,+19.5,%00000000,%00000000,+0,00:15:01 07.07.2021
318,+27.5,+27.8,+20.2,+20.6,+20.4,+25.5,+18.8,+19.7,+19,+19.4,+19.5,+19.4,+19.2,+19.3,+19.7,+19.5,%00000000,%00000000,+0,00:25:01 07.07.2021
319,+27.5,+27.8,+20.2,+20.6,+20.4,+25.4,+18.8,+19.7,+19,+19.4,+19.5,+19.4,+19.2,+19.3,+19.7,+19.5,%00000000,%00000000,+0,00:35:01 07.07.2021
320,+27.4,+27.7,+20.2,+20.6,+20.3,+25.4,+18.7,+19.7,+19,+19.4,+19.5,+19.4,+19.2,+19.3,+19.7,+19.4,%00000000,%00000000,+0,00:45:01 07.07.2021
321,+27.4,+27.7,+20.2,+20.6,+20.3,+25.4,+18.7,+19.7,+19,+19.4,+19.4,+19.4,+19.2,+19.3,+19.7,+19.4,%00000000,%00000000,+0,00:55:01 07.07.2021
322,+27.4,+27.7,+20.2,+20.5,+20.3,+25.3,+18.7,+19.7,+19,+19.4,+19.4,+19.3,+19.2,+19.3,+19.7,+19.4,%00000000,%00000000,+0,01:05:01 07.07.2021
323,+27.3,+27.6,+20.2,+20.5,+20.3,+25.2,+18.7,+19.7,+18.9,+19.4,+19.4,+19.3,+19.2,+19.3,+19.6,+19.4,%00000000,%00000000,+0,01:15:01 07.07.2021
324,+27.3,+27.6,+20.1,+20.5,+20.2,+25.2,+18.7,+19.7,+18.9,+19.4,+19.4,+19.3,+19.2,+19.3,+19.6,+19.4,%00000000,%00000000,+0,01:25:01 07.07.2021
325,+27.3,+27.5,+20.1,+20.5,+20.2,+25.1,+18.7,+19.7,+18.9,+19.3,+19.4,+19.3,+19.2,+19.2,+19.6,+19.4,%00000000,%00000000,+0,01:35:01 07.07.2021
326,+27.3,+27.5,+20.1,+20.4,+20.2,+25.1,+18.6,+19.7,+18.9,+19.3,+19.4,+19.2,+19.2,+19.2,+19.6,+19.3,%00000000,%00000000,+0,01:45:01 07.07.2021
327,+27.2,+27.5,+20.1,+20.4,+20.2,+25,+18.6,+19.7,+18.8,+19.3,+19.4,+19.2,+19.2,+19.2,+19.6,+19.3,%00000000,%00000000,+0,01:55:01 07.07.2021
328,+27.2,+27.4,+20,+20.4,+20.1,+25,+18.6,+19.7,+18.8,+19.3,+19.4,+19.2,+19.2,+19.2,+19.6,+19.3,%00000000,%00000000,+0,02:05:01 07.07.2021
329,+27.2,+27.4,+20,+20.4,+20.1,+25,+18.6,+19.7,+18.8,+19.3,+19.4,+19.2,+19.2,+19.2,+19.6,+19.3,%00000000,%00000000,+0,02:15:01 07.07.2021
330,+27.2,+27.4,+20,+20.4,+20.1,+24.9,+18.5,+19.7,+18.8,+19.3,+19.4,+19.2,+19.2,+19.2,+19.6,+19.2,%00000000,%00000000,+0,02:25:01 07.07.2021
331,+27.1,+27.3,+20,+20.3,+20.1,+24.9,+18.5,+19.7,+18.7,+19.3,+19.3,+19.2,+19.2,+19.2,+19.6,+19.2,%00000000,%00000000,+0,02:35:01 07.07.2021
332,+27.1,+27.3,+19.9,+20.3,+20,+24.9,+18.5,+19.7,+18.7,+19.3,+19.3,+19.2,+19.2,+19.2,+19.5,+19.2,%00000000,%00000000,+0,02:45:01 07.07.2021
333,+27.1,+27.3,+19.9,+20.3,+20,+24.9,+18.5,+19.7,+18.7,+19.3,+19.3,+19.1,+19.2,+19.2,+19.5,+19.2,%00000000,%00000000,+0,02:55:01 07.07.2021
334,+27,+27.2,+19.9,+20.3,+20,+24.8,+18.4,+19.6,+18.7,+19.3,+19.3,+19.1,+19.2,+19.2,+19.5,+19.2,%00000000,%00000000,+0,03:05:01 07.07.2021
335,+27,+27.2,+19.9,+20.2,+20,+24.8,+18.4,+19.6,+18.7,+19.3,+19.3,+19.1,+19.2,+19.2,+19.5,+19.2,%00000000,%00000000,+0,03:15:01 07.07.2021
336,+27,+27.2,+19.8,+20.2,+19.9,+24.8,+18.4,+19.6,+18.7,+19.2,+19.3,+19.1,+19.2,+19.2,+19.5,+19.2,%00000000,%00000000,+0,03:25:01 07.07.2021
337,+26.9,+27.2,+19.8,+20.2,+19.9,+24.7,+18.4,+19.6,+18.6,+19.2,+19.3,+19.1,+19.2,+19.2,+19.5,+19.2,%00000000,%00000000,+0,03:35:01 07.07.2021
338,+26.9,+27.1,+19.8,+20.2,+19.9,+24.7,+18.4,+19.6,+18.6,+19.2,+19.3,+19.1,+19.2,+19.2,+19.5,+19.1,%00000000,%00000000,+0,03:45:01 07.07.2021
339,+26.9,+27.1,+19.8,+20.2,+19.9,+24.7,+18.4,+19.6,+18.6,+19.2,+19.2,+19,+19.2,+19.2,+19.5,+19.1,%00000000,%00000000,+0,03:55:01 07.07.2021
340,+26.9,+27.1,+19.7,+20.2,+19.9,+24.6,+18.4,+19.6,+18.6,+19.2,+19.2,+19,+19.2,+19.2,+19.4,+19.1,%00000000,%00000000,+0,04:05:01 07.07.2021
341,+26.8,+27,+19.7,+20.1,+19.8,+24.6,+18.3,+19.6,+18.6,+19.2,+19.2,+19,+19.2,+19.2,+19.4,+19.1,%00000000,%00000000,+0,04:15:01 07.07.2021
342,+26.8,+27,+19.7,+20.1,+19.8,+24.6,+18.3,+19.6,+18.5,+19.2,+19.2,+19,+19.2,+19.2,+19.4,+19.1,%00000000,%00000000,+0,04:25:01 07.07.2021
343,+26.8,+27,+19.7,+20.1,+19.8,+24.5,+18.3,+19.6,+18.5,+19.2,+19.2,+19,+19.2,+19.1,+19.4,+19,%00000000,%00000000,+0,04:35:01 07.07.2021
344,+26.8,+26.9,+19.7,+20.1,+19.8,+24.5,+18.3,+19.6,+18.5,+19.2,+19.2,+19,+19.2,+19.1,+19.4,+19,%00000000,%00000000,+0,04:45:01 07.07.2021
345,+26.7,+26.9,+19.6,+20,+19.7,+24.4,+18.3,+19.5,+18.5,+19.2,+19.2,+18.9,+19.2,+19.1,+19.4,+19,%00000000,%00000000,+0,04:55:01 07.07.2021
346,+26.7,+26.9,+19.6,+20,+19.7,+24.4,+18.2,+19.5,+18.5,+19.2,+19.2,+18.9,+19.2,+19.1,+19.4,+19,%00000000,%00000000,+0,05:05:01 07.07.2021
347,+26.7,+26.9,+19.6,+20,+19.7,+24.3,+18.2,+19.5,+18.5,+19.2,+19.2,+18.9,+19.2,+19.1,+19.4,+19,%00000000,%00000000,+0,05:15:01 07.07.2021
348,+26.7,+26.8,+19.6,+20,+19.7,+24.3,+18.2,+19.5,+18.4,+19.2,+19.2,+18.9,+19.2,+19.1,+19.4,+19,%00000000,%00000000,+0,05:25:01 07.07.2021
349,+26.6,+26.8,+19.5,+20,+19.7,+24.3,+18.2,+19.5,+18.4,+19.2,+19.2,+18.9,+19.2,+19.1,+19.4,+19,%00000000,%00000000,+0,05:35:01 07.07.2021
350,+26.6,+26.7,+19.5,+19.9,+19.6,+24.2,+18.2,+19.5,+18.4,+19.2,+19.1,+18.9,+19.2,+19.1,+19.4,+18.9,%00000000,%00000000,+0,05:45:01 07.07.2021
351,+26.6,+26.7,+19.4,+19.9,+19.6,+24.1,+18.2,+19.5,+18.4,+19.1,+19.1,+18.9,+19.2,+19.1,+19.3,+18.9,%00000000,%00000000,+0,05:55:01 07.07.2021
352,+26.5,+26.6,+19.4,+19.9,+19.6,+23.7,+18.2,+19.5,+18.4,+19.1,+19.1,+18.9,+19.2,+19.1,+19.3,+18.9,%00000000,%00000000,+0,06:05:01 07.07.2021
353,+26.5,+26.4,+19.4,+19.9,+19.6,+23.6,+18.1,+19.4,+18.4,+19.1,+19.1,+18.9,+19.2,+19.1,+19.3,+18.9,%00000000,%00000000,+0,06:15:01 07.07.2021
354,+26.4,+26.2,+19.4,+19.9,+19.5,+23.1,+18.1,+19.4,+18.4,+19.1,+19.1,+18.8,+19.2,+19.1,+19.3,+18.9,%00000000,%00000000,+0,06:25:01 07.07.2021
355,+26.2,+26.1,+19.4,+19.8,+19.5,+23.1,+18.1,+19.4,+18.3,+19.1,+19.1,+18.8,+19.2,+19,+19.3,+18.9,%00000000,%00000000,+0,06:35:01 07.07.2021
356,+26.1,+26,+19.3,+19.8,+19.5,+22.7,+18.1,+19.4,+18.3,+19.1,+19.1,+18.8,+19.2,+19,+19.3,+18.9,%00000000,%00000000,+0,06:45:01 07.07.2021
357,+26,+25.9,+19.3,+19.8,+19.5,+22.7,+18.1,+19.4,+18.3,+19.1,+19.1,+18.8,+19.2,+19,+19.3,+18.9,%00000000,%00000000,+0,06:55:01 07.07.2021
358,+25.9,+25.8,+19.3,+19.8,+19.5,+22.9,+18.1,+19.4,+18.5,+19.2,+19.2,+18.9,+19.2,+19.1,+19.3,+18.9,%00000000,%00000000,+0,07:05:01 07.07.2021
359,+25.8,+25.8,+19.3,+19.8,+19.4,+22.9,+18.1,+19.4,+18.4,+19.1,+19,+18.9,+19.2,+19,+19.3,+18.9,%00000000,%00000000,+0,07:15:01 07.07.2021
360,+25.8,+25.7,+19.2,+19.7,+19.4,+23,+18.1,+19.4,+18.4,+19.1,+19,+18.8,+19.2,+19,+19.3,+18.9,%00000000,%00000000,+0,07:25:01 07.07.2021
361,+25.7,+25.7,+19.2,+19.7,+19.4,+23.1,+18.1,+19.4,+18.3,+19.1,+19,+18.8,+19.2,+19,+19.2,+18.8,%00000000,%00000000,+0,07:35:01 07.07.2021
362,+25.7,+25.7,+19.2,+19.7,+19.4,+23.4,+18.1,+19.4,+18.3,+19.1,+19,+18.8,+19.2,+19,+19.2,+18.8,%00000000,%00000000,+0,07:45:01 07.07.2021
363,+25.6,+25.8,+19.2,+19.7,+19.4,+23.5,+18.1,+19.4,+18.4,+19.1,+19,+18.8,+19.2,+19,+19.2,+18.8,%00000000,%00000000,+0,07:55:01 07.07.2021
364,+25.6,+25.8,+19.2,+19.8,+19.4,+23.6,+18,+19.4,+18.4,+19.1,+19,+18.8,+19.2,+19,+19.2,+18.8,%00000000,%00000000,+0,08:05:01 07.07.2021
365,+25.5,+25.8,+19.2,+19.8,+19.4,+23.8,+18,+19.4,+18.4,+19.1,+19,+18.8,+19.2,+19,+19.2,+18.8,%00000000,%00000000,+0,08:15:01 07.07.2021
366,+25.5,+25.9,+19.2,+19.8,+19.4,+24,+18.1,+19.4,+18.9,+19.2,+19.5,+19,+19.2,+19.1,+19.2,+18.9,%00000000,%00000000,+0,08:25:01 07.07.2021
367,+25.5,+25.9,+19.2,+19.8,+19.4,+23.9,+18.2,+19.4,+19,+19.3,+19.4,+19.1,+19.2,+19.1,+19.3,+18.9,%00000000,%00000000,+0,08:35:01 07.07.2021
368,+25.4,+25.9,+19.3,+19.9,+19.4,+24.2,+18.3,+19.4,+19,+19.3,+19.4,+19.1,+19.2,+19.1,+19.3,+18.9,%00000000,%00000000,+0,08:45:01 07.07.2021
369,+25.1,+26,+19.3,+19.9,+19.5,+24.3,+18.3,+19.4,+18.8,+19.2,+19.2,+19.2,+19.2,+19,+19.3,+18.9,%00000000,%00000000,+0,08:55:01 07.07.2021
370,+24.6,+26,+19.3,+19.9,+19.5,+24.4,+18.4,+19.4,+18.6,+19.2,+19,+19.1,+19.2,+19.1,+19.3,+19,%00000000,%00000000,+0,09:06:01 07.07.2021
371,+24.7,+26.1,+19.3,+19.9,+19.5,+24.5,+18.4,+19.4,+18.5,+19.2,+19,+19.1,+19.2,+19,+19.2,+19,%00000000,%00000000,+0,09:16:01 07.07.2021
372,+24.8,+26.1,+19.4,+20,+19.6,+24.6,+18.4,+19.4,+18.4,+19.2,+19,+19,+19.1,+19,+19.2,+19,%00000000,%00000000,+0,09:26:01 07.07.2021
373,+24.8,+26.1,+19.4,+20,+19.6,+24.6,+18.4,+19.3,+18.4,+19.1,+19,+18.9,+19.1,+19,+19.2,+18.9,%00000000,%00000000,+0,09:36:01 07.07.2021
374,+24.8,+26.2,+19.4,+20.1,+19.6,+24.7,+18.4,+19.3,+18.5,+19.1,+19,+18.9,+19.1,+19,+19.1,+18.9,%00000000,%00000000,+0,09:46:01 07.07.2021
375,+25,+26.2,+19.4,+20.1,+19.7,+24.8,+18.4,+19.3,+18.5,+19.1,+18.9,+18.9,+19.1,+19,+19.1,+18.9,%00000000,%00000000,+0,09:56:01 07.07.2021
376,+25.1,+26.3,+19.4,+20.1,+19.7,+25,+18.4,+19.3,+18.6,+19.1,+18.9,+18.9,+19.1,+19,+19,+18.9,%00000000,%00000000,+0,10:06:01 07.07.2021
377,+25.3,+26.4,+19.4,+20.2,+19.7,+25.1,+18.4,+19.3,+18.6,+19.1,+18.9,+18.9,+19.1,+19,+19,+18.9,%00000000,%00000000,+0,10:16:01 07.07.2021
378,+25.5,+26.5,+19.5,+20.3,+19.8,+25.6,+18.4,+19.3,+18.9,+19.2,+19,+19,+19.1,+19.1,+19,+19,%00000000,%00000000,+0,10:29:01 07.07.2021
379,+25.8,+26.6,+19.7,+20.4,+19.9,+25.9,+18.4,+19.3,+19,+19.2,+19.1,+19.1,+19.1,+19.1,+19,+19,%00000000,%00000000,+0,10:41:01 07.07.2021
380,+25.6,+26.7,+19.8,+20.3,+19.9,+26,+18.4,+19.3,+18.9,+19.2,+19,+19.1,+19.1,+19.1,+19,+19,%00000000,%00000000,+0,10:51:01 07.07.2021
381,+25.9,+26.8,+19.9,+20.3,+20,+26,+18.4,+19.3,+18.9,+19.2,+18.9,+19.1,+19.1,+19.1,+19,+19,%00000000,%00000000,+0,11:01:01 07.07.2021
382,+25.5,+26.9,+20.1,+20.6,+20.1,+26.4,+18.5,+19.3,+19.2,+19.3,+19.3,+19.3,+19.2,+19.1,+19.1,+19.1,%00000000,%00000000,+0,11:11:01 07.07.2021
383,+26,+27,+20.1,+20.4,+20.2,+26.5,+18.6,+19.3,+19.2,+19.3,+19.2,+19.3,+19.2,+19.1,+19.1,+19.1,%00000000,%00000000,+0,11:21:01 07.07.2021
384,+26.2,+27.2,+20.2,+20.4,+20.2,+26.6,+18.6,+19.3,+19.2,+19.3,+19.1,+19.3,+19.2,+19.1,+19.1,+19.1,%00000000,%00000000,+0,11:31:01 07.07.2021
385,+26.4,+27.3,+20.2,+20.5,+20.3,+26.7,+18.7,+19.3,+19.2,+19.2,+19,+19.2,+19.2,+19.1,+19.1,+19.1,%00000000,%00000000,+0,11:41:01 07.07.2021
386,+26.6,+27.5,+20.2,+20.6,+20.3,+26.7,+18.7,+19.3,+19.2,+19.2,+19,+19.2,+19.2,+19.1,+19.1,+19.1,%00000000,%00000000,+0,11:51:01 07.07.2021
387,+26.7,+27.6,+20.2,+20.6,+20.4,+26.9,+18.7,+19.3,+19.2,+19.2,+19,+19.2,+19.2,+19.1,+19.1,+19.1,%00000000,%00000000,+0,12:01:01 07.07.2021
388,+27,+28.1,+20.2,+20.7,+20.5,+27.1,+18.8,+19.3,+19.3,+20.1,+20.7,+20.6,+19.9,+19.6,+19.8,+19.6,%00000000,%00000000,+0,12:11:01 07.07.2021
389,+27.2,+28,+20.3,+21.1,+20.7,+27.1,+19.2,+19.4,+20.1,+19.8,+19.9,+19.9,+19.5,+19.5,+19.8,+19.4,%00000000,%00000000,+0,12:21:01 07.07.2021
390,+27.3,+27.9,+20.3,+21,+20.7,+27.1,+19.4,+19.5,+20.2,+19.7,+19.7,+19.9,+19.4,+19.4,+19.8,+19.5,%00000000,%00000000,+0,12:31:01 07.07.2021
391,+27.4,+27.8,+20.4,+21,+20.7,+27.2,+19.6,+19.5,+20.2,+19.6,+19.7,+19.9,+19.4,+19.4,+19.8,+19.5,%00000000,%00000000,+0,12:41:01 07.07.2021
392,+27.8,+27.8,+20.4,+20.9,+20.7,+27.3,+19.7,+19.6,+20.2,+19.6,+19.7,+19.9,+19.4,+19.4,+19.8,+19.6,%00000000,%00000000,+0,12:51:01 07.07.2021
393,+27.7,+27.9,+20.4,+20.9,+20.7,+27.4,+19.8,+19.6,+20.1,+19.6,+19.8,+19.9,+19.4,+19.4,+19.8,+19.6,%00000000,%00000000,+0,13:01:01 07.07.2021
394,+28,+28,+20.5,+20.8,+20.7,+27.6,+19.9,+19.4,+19.5,+20.1,+20.4,+20.4,+19.7,+19.6,+20,+19.7,%00000000,%00000000,+0,13:11:01 07.07.2021
395,+28.3,+28.2,+20.5,+21.2,+20.8,+27.6,+20,+19.6,+20.4,+20,+20,+20.2,+19.6,+19.6,+20.1,+19.7,%00000000,%00000000,+0,13:21:01 07.07.2021
396,+28.6,+28.1,+20.6,+21.2,+20.8,+27.7,+20.2,+19.7,+20.5,+19.9,+20,+20.1,+19.6,+19.6,+20.1,+19.8,%00000000,%00000000,+0,13:31:01 07.07.2021
397,+28.9,+28.1,+20.6,+21.1,+20.9,+27.7,+20.2,+19.7,+20.6,+19.9,+20,+20.1,+19.5,+19.6,+20.1,+19.8,%00000000,%00000000,+0,13:41:01 07.07.2021
398,+29.2,+28.2,+20.8,+21.2,+20.9,+28.1,+20.4,+19.8,+20.8,+19.9,+20.1,+20.1,+19.5,+19.6,+20.2,+19.8,%00000000,%00000000,+0,13:53:01 07.07.2021
399,+29.4,+28.3,+20.9,+21.3,+21,+28.4,+20.5,+19.9,+20.9,+20,+20.2,+20.2,+19.5,+19.7,+20.2,+19.9,%00000000,%00000000,+0,14:03:01 07.07.2021
400,+29.5,+28.4,+20.9,+21.3,+21,+28.5,+20.6,+19.9,+20.9,+20,+20.1,+20.3,+19.6,+19.7,+20.3,+19.9,%00000000,%00000000,+0,14:13:01 07.07.2021
401,+29.6,+28.5,+20.9,+21.3,+21.1,+28.5,+20.6,+20,+20.9,+20,+20.2,+20.3,+19.6,+19.7,+20.3,+20,%00000000,%00000000,+0,14:23:01 07.07.2021
402,+29.5,+28.7,+20.9,+21.3,+21.1,+28.6,+20.7,+20,+20.9,+20,+20.2,+20.3,+19.6,+19.7,+20.3,+20,%00000000,%00000000,+0,14:33:01 07.07.2021
403,+29.7,+28.8,+20.9,+21.4,+21.2,+28.7,+20.7,+20.1,+21,+20,+20.2,+20.4,+19.6,+19.7,+20.3,+20,%00000000,%00000000,+0,14:43:01 07.07.2021
404,+29.9,+29,+20.9,+21.4,+21.2,+28.7,+20.8,+20.1,+20.9,+20.1,+20.2,+20.4,+19.6,+19.7,+20.3,+20.1,%00000000,%00000000,+0,14:53:01 07.07.2021
405,+30.1,+29.1,+21.1,+21.5,+21.3,+28.9,+20.8,+20.2,+20.9,+20.2,+20.3,+20.4,+19.6,+19.7,+20.4,+20.1,%00000000,%00000000,+0,15:04:01 07.07.2021
406,+30.2,+29.1,+21.2,+21.7,+21.4,+29.2,+20.9,+20.2,+21.2,+20.3,+20.4,+20.4,+19.6,+19.7,+20.4,+20.1,%00000000,%00000000,+0,15:14:01 07.07.2021
407,+30.3,+29.2,+21.2,+21.6,+21.4,+29.1,+20.9,+20.2,+20.8,+20.2,+20.3,+20.4,+19.6,+19.6,+20.4,+20.1,%00000000,%00000000,+0,15:24:01 07.07.2021
408,+30.2,+29.2,+21.2,+21.6,+21.4,+29.1,+20.8,+20.2,+20.7,+20.1,+20.2,+20.4,+19.6,+19.6,+20.4,+20.2,%00000000,%00000000,+0,15:34:01 07.07.2021
409,+30.4,+29.3,+21.2,+21.7,+21.5,+29,+20.8,+20.2,+20.7,+20,+20.2,+20.3,+19.6,+19.6,+20.3,+20.2,%00000000,%00000000,+0,15:44:01 07.07.2021
